user,recommendations
1.0,"120.0,378.0,608.0,292.0,706.0,259.0,573.0,843.0,774.0,1524.0"
2.0,"63.0,29.0,26.0,21.0,18.0,12.0,11.0,84.0,20.0,27.0"
3.0,"11.0,12.0,6.0,27.0,15.0,3.0,2.0,5.0,8.0,31.0"
4.0,"58.0,93.0,832.0,104.0,1268.0,1215.0,700.0,894.0,222.0,861.0"
5.0,"63.0,29.0,18.0,21.0,84.0,20.0,11.0,26.0,12.0,65.0"
6.0,"63.0,29.0,18.0,21.0,26.0,11.0,12.0,84.0,20.0,45.0"
7.0,"63.0,29.0,18.0,21.0,20.0,26.0,84.0,12.0,65.0,45.0"
8.0,"63.0,29.0,18.0,21.0,11.0,26.0,84.0,20.0,12.0,45.0"
9.0,"63.0,29.0,21.0,84.0,18.0,26.0,20.0,12.0,11.0,14.0"
10.0,"63.0,29.0,18.0,21.0,26.0,84.0,20.0,12.0,65.0,45.0"
11.0,"27.0,28.0,64.0,48.0,61.0,26.0,104.0,87.0,6.0,37.0"
12.0,"63.0,29.0,18.0,21.0,26.0,20.0,45.0,65.0,14.0,48.0"
13.0,"1365.0,503.0,432.0,104.0,92.0,143.0,234.0,947.0,88.0,196.0"
14.0,"63.0,29.0,18.0,21.0,26.0,11.0,12.0,84.0,20.0,48.0"
15.0,"63.0,29.0,18.0,21.0,26.0,11.0,84.0,12.0,20.0,45.0"
16.0,"63.0,29.0,18.0,21.0,26.0,12.0,84.0,20.0,48.0,45.0"
17.0,"63.0,26.0,29.0,11.0,18.0,21.0,27.0,12.0,48.0,6.0"
18.0,"63.0,29.0,18.0,21.0,11.0,26.0,20.0,84.0,12.0,65.0"
19.0,"63.0,27.0,26.0,12.0,84.0,11.0,29.0,14.0,21.0,20.0"
20.0,"104.0,58.0,1365.0,832.0,700.0,196.0,432.0,503.0,93.0,1268.0"
21.0,"63.0,29.0,18.0,21.0,26.0,20.0,12.0,65.0,45.0,14.0"
22.0,"63.0,29.0,18.0,21.0,26.0,84.0,20.0,45.0,14.0,27.0"
23.0,"27.0,63.0,26.0,12.0,84.0,14.0,11.0,66.0,25.0,20.0"
24.0,"63.0,29.0,18.0,21.0,26.0,11.0,84.0,12.0,20.0,45.0"
25.0,"120.0,77.0,18.0,29.0,53.0,65.0,21.0,11.0,63.0,48.0"
26.0,"63.0,29.0,18.0,21.0,26.0,84.0,12.0,20.0,45.0,48.0"
27.0,"104.0,1365.0,58.0,432.0,503.0,196.0,700.0,696.0,1279.0,832.0"
28.0,"66.0,27.0,64.0,28.0,83.0,37.0,61.0,26.0,25.0,14.0"
29.0,"63.0,29.0,18.0,21.0,26.0,11.0,12.0,84.0,20.0,45.0"
30.0,"63.0,29.0,18.0,21.0,26.0,84.0,20.0,27.0,45.0,14.0"
31.0,"63.0,29.0,18.0,21.0,26.0,84.0,20.0,12.0,45.0,14.0"
32.0,"63.0,26.0,29.0,27.0,11.0,21.0,18.0,84.0,20.0,14.0"
33.0,"63.0,29.0,84.0,26.0,21.0,18.0,20.0,27.0,14.0,45.0"
34.0,"63.0,29.0,18.0,21.0,20.0,84.0,26.0,65.0,45.0,14.0"
35.0,"63.0,29.0,18.0,21.0,11.0,26.0,84.0,20.0,12.0,45.0"
36.0,"26.0,48.0,29.0,63.0,18.0,27.0,21.0,45.0,12.0,65.0"
37.0,"63.0,29.0,26.0,21.0,18.0,20.0,27.0,14.0,45.0,48.0"
38.0,"63.0,29.0,18.0,21.0,26.0,84.0,20.0,27.0,45.0,14.0"
39.0,"6.0,53.0,92.0,460.0,503.0,88.0,196.0,1365.0,48.0,234.0"
40.0,"63.0,29.0,18.0,21.0,26.0,11.0,84.0,20.0,12.0,45.0"
41.0,"6.0,53.0,120.0,234.0,77.0,48.0,460.0,18.0,65.0,29.0"
42.0,"120.0,234.0,266.0,92.0,119.0,1023.0,1073.0,143.0,1020.0,503.0"
43.0,"63.0,29.0,18.0,21.0,11.0,84.0,20.0,26.0,12.0,65.0"
44.0,"63.0,29.0,18.0,21.0,84.0,20.0,11.0,26.0,12.0,65.0"
45.0,"63.0,29.0,26.0,18.0,21.0,12.0,27.0,48.0,84.0,20.0"
46.0,"63.0,29.0,18.0,21.0,26.0,84.0,20.0,45.0,65.0,48.0"
47.0,"63.0,29.0,18.0,21.0,11.0,84.0,26.0,20.0,12.0,65.0"
48.0,"63.0,29.0,18.0,21.0,26.0,20.0,84.0,65.0,45.0,48.0"
49.0,"26.0,27.0,63.0,11.0,48.0,12.0,29.0,6.0,14.0,45.0"
50.0,"120.0,6.0,53.0,77.0,18.0,29.0,65.0,234.0,48.0,21.0"
51.0,"63.0,29.0,18.0,21.0,26.0,84.0,11.0,20.0,12.0,45.0"
52.0,"63.0,29.0,18.0,21.0,26.0,6.0,48.0,65.0,12.0,45.0"
53.0,"63.0,29.0,18.0,21.0,20.0,84.0,26.0,65.0,45.0,14.0"
54.0,"63.0,29.0,18.0,21.0,26.0,84.0,11.0,20.0,12.0,45.0"
55.0,"63.0,29.0,18.0,21.0,84.0,20.0,26.0,65.0,45.0,14.0"
56.0,"26.0,11.0,29.0,63.0,48.0,18.0,21.0,27.0,65.0,45.0"
57.0,"63.0,29.0,18.0,21.0,26.0,11.0,84.0,12.0,20.0,45.0"
58.0,"63.0,29.0,18.0,21.0,84.0,20.0,11.0,12.0,26.0,65.0"
59.0,"234.0,92.0,503.0,1365.0,120.0,143.0,88.0,460.0,432.0,266.0"
60.0,"234.0,120.0,92.0,266.0,503.0,1365.0,143.0,88.0,460.0,947.0"
61.0,"63.0,29.0,18.0,21.0,26.0,84.0,11.0,20.0,45.0,14.0"
62.0,"63.0,29.0,18.0,21.0,26.0,11.0,12.0,84.0,20.0,45.0"
63.0,"63.0,29.0,18.0,21.0,26.0,84.0,12.0,20.0,45.0,14.0"
64.0,"120.0,266.0,92.0,1023.0,1020.0,503.0,119.0,1365.0,143.0,1073.0"
65.0,"63.0,29.0,18.0,21.0,26.0,11.0,84.0,12.0,20.0,45.0"
66.0,"27.0,26.0,63.0,12.0,11.0,14.0,48.0,29.0,84.0,45.0"
67.0,"104.0,58.0,832.0,1365.0,432.0,93.0,1268.0,503.0,700.0,696.0"
68.0,"63.0,29.0,18.0,21.0,20.0,65.0,77.0,26.0,45.0,15.0"
69.0,"63.0,29.0,18.0,21.0,26.0,11.0,84.0,12.0,20.0,45.0"
70.0,"63.0,29.0,18.0,21.0,84.0,20.0,26.0,12.0,65.0,45.0"
71.0,"63.0,29.0,18.0,21.0,26.0,84.0,20.0,45.0,65.0,48.0"
72.0,"63.0,29.0,18.0,21.0,20.0,84.0,26.0,65.0,45.0,48.0"
73.0,"63.0,29.0,18.0,21.0,26.0,20.0,65.0,45.0,14.0,48.0"
74.0,"1365.0,503.0,92.0,432.0,234.0,143.0,88.0,460.0,104.0,196.0"
75.0,"63.0,29.0,18.0,21.0,2.0,20.0,84.0,11.0,65.0,12.0"
76.0,"63.0,29.0,18.0,21.0,26.0,11.0,84.0,20.0,12.0,45.0"
77.0,"63.0,29.0,21.0,18.0,84.0,26.0,20.0,12.0,14.0,27.0"
78.0,"104.0,58.0,832.0,93.0,700.0,1268.0,1365.0,196.0,1215.0,894.0"
79.0,"120.0,119.0,1020.0,1023.0,266.0,350.0,1058.0,234.0,167.0,1073.0"
80.0,"120.0,378.0,608.0,292.0,615.0,119.0,573.0,414.0,843.0,706.0"
81.0,"104.0,1365.0,503.0,432.0,196.0,58.0,143.0,700.0,92.0,947.0"
82.0,"378.0,608.0,706.0,774.0,292.0,63.0,18.0,1692.0,120.0,77.0"
83.0,"63.0,26.0,27.0,29.0,21.0,20.0,18.0,14.0,45.0,48.0"
84.0,"63.0,29.0,18.0,21.0,20.0,84.0,26.0,65.0,45.0,48.0"
85.0,"63.0,29.0,21.0,18.0,84.0,26.0,20.0,12.0,14.0,27.0"
86.0,"63.0,29.0,18.0,21.0,26.0,65.0,48.0,20.0,45.0,84.0"
87.0,"63.0,29.0,18.0,21.0,20.0,84.0,11.0,26.0,65.0,45.0"
88.0,"63.0,26.0,27.0,29.0,11.0,12.0,21.0,18.0,84.0,14.0"
89.0,"63.0,29.0,21.0,18.0,26.0,84.0,12.0,20.0,11.0,27.0"
90.0,"63.0,29.0,18.0,21.0,26.0,11.0,84.0,12.0,20.0,45.0"
91.0,"63.0,29.0,18.0,21.0,26.0,20.0,45.0,14.0,27.0,65.0"
92.0,"63.0,29.0,18.0,21.0,26.0,20.0,45.0,14.0,65.0,27.0"
93.0,"63.0,29.0,18.0,21.0,26.0,84.0,20.0,45.0,14.0,65.0"
94.0,"63.0,26.0,84.0,27.0,12.0,29.0,21.0,20.0,11.0,18.0"
95.0,"63.0,29.0,18.0,21.0,26.0,84.0,20.0,65.0,45.0,48.0"
96.0,"104.0,1365.0,503.0,432.0,196.0,58.0,700.0,92.0,143.0,1279.0"
97.0,"63.0,29.0,18.0,21.0,26.0,20.0,84.0,65.0,45.0,48.0"
98.0,"63.0,29.0,18.0,21.0,20.0,84.0,11.0,26.0,12.0,65.0"
99.0,"104.0,1365.0,503.0,432.0,196.0,92.0,143.0,947.0,88.0,1279.0"
100.0,"27.0,6.0,28.0,48.0,26.0,11.0,45.0,16.0,14.0,12.0"
101.0,"63.0,29.0,18.0,21.0,26.0,11.0,84.0,20.0,12.0,45.0"
102.0,"63.0,29.0,18.0,21.0,11.0,20.0,84.0,26.0,65.0,45.0"
103.0,"63.0,29.0,18.0,21.0,11.0,20.0,84.0,26.0,12.0,65.0"
104.0,"63.0,29.0,18.0,21.0,11.0,84.0,26.0,20.0,65.0,45.0"
105.0,"104.0,1365.0,432.0,503.0,58.0,196.0,696.0,1279.0,700.0,947.0"
106.0,"63.0,29.0,18.0,21.0,11.0,65.0,77.0,6.0,3.0,26.0"
107.0,"63.0,29.0,18.0,26.0,21.0,6.0,48.0,27.0,45.0,65.0"
108.0,"120.0,234.0,119.0,615.0,266.0,414.0,1023.0,685.0,435.0,398.0"
109.0,"63.0,29.0,18.0,21.0,11.0,26.0,20.0,84.0,12.0,65.0"
110.0,"63.0,29.0,18.0,21.0,26.0,12.0,84.0,20.0,65.0,45.0"
111.0,"63.0,29.0,26.0,18.0,21.0,11.0,27.0,48.0,20.0,45.0"
112.0,"63.0,29.0,18.0,21.0,11.0,26.0,20.0,84.0,65.0,48.0"
113.0,"63.0,29.0,18.0,21.0,11.0,26.0,20.0,84.0,12.0,65.0"
114.0,"63.0,26.0,29.0,27.0,18.0,48.0,21.0,6.0,45.0,14.0"
115.0,"63.0,29.0,18.0,21.0,26.0,12.0,20.0,45.0,65.0,14.0"
116.0,"63.0,29.0,18.0,21.0,20.0,84.0,26.0,65.0,45.0,14.0"
117.0,"63.0,29.0,18.0,21.0,11.0,26.0,12.0,20.0,84.0,65.0"
118.0,"63.0,29.0,18.0,21.0,26.0,11.0,84.0,20.0,45.0,27.0"
119.0,"63.0,29.0,18.0,21.0,26.0,84.0,20.0,12.0,45.0,65.0"
120.0,"63.0,26.0,29.0,21.0,18.0,11.0,84.0,27.0,20.0,14.0"
121.0,"63.0,29.0,18.0,21.0,20.0,26.0,12.0,65.0,45.0,14.0"
122.0,"63.0,29.0,18.0,21.0,11.0,26.0,20.0,84.0,12.0,65.0"
123.0,"6.0,26.0,48.0,27.0,29.0,18.0,63.0,45.0,21.0,12.0"
124.0,"104.0,58.0,832.0,93.0,1365.0,700.0,196.0,1268.0,432.0,503.0"
125.0,"63.0,29.0,18.0,21.0,26.0,84.0,11.0,12.0,20.0,45.0"
126.0,"29.0,18.0,63.0,21.0,6.0,65.0,77.0,48.0,26.0,45.0"
127.0,"63.0,29.0,18.0,21.0,84.0,26.0,20.0,12.0,65.0,45.0"
128.0,"120.0,119.0,378.0,414.0,266.0,608.0,435.0,1023.0,292.0,685.0"
129.0,"63.0,29.0,18.0,21.0,26.0,84.0,20.0,12.0,45.0,65.0"
130.0,"63.0,29.0,18.0,21.0,20.0,26.0,84.0,12.0,65.0,45.0"
131.0,"63.0,29.0,18.0,21.0,11.0,2.0,65.0,20.0,26.0,12.0"
132.0,"63.0,29.0,18.0,21.0,26.0,84.0,11.0,12.0,20.0,45.0"
133.0,"63.0,29.0,18.0,21.0,26.0,11.0,84.0,12.0,20.0,45.0"
134.0,"63.0,29.0,18.0,21.0,84.0,20.0,11.0,26.0,12.0,65.0"
135.0,"63.0,29.0,18.0,21.0,26.0,12.0,84.0,20.0,45.0,65.0"
136.0,"63.0,29.0,18.0,21.0,26.0,84.0,12.0,20.0,45.0,27.0"
137.0,"63.0,29.0,18.0,21.0,26.0,20.0,65.0,45.0,48.0,14.0"
138.0,"63.0,29.0,18.0,21.0,26.0,20.0,45.0,27.0,48.0,14.0"
139.0,"92.0,503.0,53.0,1365.0,460.0,88.0,196.0,143.0,432.0,48.0"
140.0,"63.0,29.0,18.0,26.0,11.0,21.0,6.0,48.0,12.0,27.0"
141.0,"63.0,84.0,29.0,26.0,20.0,21.0,12.0,18.0,11.0,27.0"
142.0,"63.0,29.0,21.0,18.0,26.0,84.0,11.0,20.0,27.0,14.0"
143.0,"63.0,29.0,18.0,21.0,26.0,11.0,12.0,84.0,20.0,45.0"
144.0,"63.0,29.0,18.0,21.0,84.0,20.0,12.0,26.0,65.0,45.0"
145.0,"63.0,29.0,18.0,21.0,26.0,11.0,84.0,20.0,12.0,45.0"
146.0,"120.0,119.0,615.0,266.0,414.0,1023.0,435.0,685.0,1073.0,350.0"
147.0,"63.0,29.0,18.0,21.0,26.0,11.0,20.0,45.0,65.0,14.0"
148.0,"27.0,26.0,48.0,11.0,6.0,63.0,29.0,45.0,14.0,18.0"
149.0,"63.0,29.0,18.0,21.0,26.0,11.0,12.0,84.0,20.0,27.0"
150.0,"63.0,29.0,21.0,18.0,26.0,84.0,20.0,27.0,14.0,45.0"
151.0,"63.0,29.0,18.0,21.0,26.0,84.0,20.0,27.0,45.0,14.0"
152.0,"63.0,27.0,26.0,84.0,14.0,11.0,29.0,21.0,20.0,48.0"
153.0,"27.0,28.0,64.0,48.0,26.0,61.0,87.0,6.0,14.0,37.0"
154.0,"104.0,1365.0,503.0,432.0,196.0,58.0,700.0,143.0,92.0,1279.0"
155.0,"58.0,104.0,832.0,93.0,1215.0,1268.0,700.0,196.0,28.0,64.0"
156.0,"63.0,29.0,18.0,21.0,20.0,26.0,65.0,45.0,14.0,48.0"
157.0,"63.0,29.0,18.0,21.0,20.0,84.0,11.0,26.0,12.0,65.0"
158.0,"63.0,29.0,18.0,21.0,26.0,84.0,20.0,12.0,65.0,45.0"
159.0,"63.0,26.0,27.0,11.0,29.0,48.0,18.0,21.0,6.0,45.0"
160.0,"120.0,378.0,608.0,615.0,292.0,119.0,414.0,573.0,77.0,234.0"
161.0,"1365.0,104.0,503.0,92.0,143.0,947.0,88.0,234.0,460.0,100.0"
162.0,"63.0,29.0,18.0,21.0,84.0,26.0,20.0,12.0,11.0,45.0"
163.0,"6.0,48.0,26.0,29.0,18.0,65.0,27.0,21.0,45.0,63.0"
164.0,"63.0,29.0,18.0,21.0,26.0,11.0,84.0,12.0,20.0,45.0"
165.0,"63.0,29.0,21.0,26.0,18.0,84.0,12.0,20.0,27.0,14.0"
166.0,"63.0,29.0,18.0,21.0,26.0,20.0,45.0,27.0,48.0,14.0"
167.0,"378.0,120.0,608.0,706.0,774.0,292.0,259.0,1692.0,415.0,573.0"
168.0,"63.0,29.0,18.0,21.0,26.0,20.0,65.0,45.0,48.0,14.0"
169.0,"63.0,29.0,18.0,21.0,26.0,84.0,20.0,45.0,14.0,27.0"
170.0,"63.0,29.0,18.0,21.0,11.0,20.0,84.0,26.0,12.0,65.0"
171.0,"104.0,196.0,1365.0,58.0,503.0,432.0,700.0,28.0,27.0,71.0"
172.0,"63.0,29.0,18.0,21.0,11.0,26.0,20.0,12.0,45.0,65.0"
173.0,"63.0,26.0,27.0,12.0,29.0,84.0,11.0,21.0,18.0,14.0"
174.0,"63.0,29.0,18.0,21.0,26.0,20.0,12.0,65.0,45.0,48.0"
175.0,"6.0,27.0,48.0,26.0,28.0,45.0,29.0,14.0,65.0,18.0"
176.0,"27.0,26.0,66.0,14.0,64.0,48.0,25.0,28.0,83.0,45.0"
177.0,"27.0,26.0,48.0,11.0,63.0,6.0,12.0,29.0,14.0,45.0"
178.0,"378.0,774.0,706.0,1692.0,422.0,511.0,608.0,63.0,292.0,1602.0"
179.0,"63.0,29.0,18.0,21.0,26.0,84.0,20.0,27.0,45.0,48.0"
180.0,"63.0,29.0,21.0,18.0,26.0,84.0,12.0,11.0,20.0,27.0"
181.0,"63.0,18.0,29.0,21.0,77.0,65.0,6.0,20.0,378.0,12.0"
182.0,"63.0,29.0,18.0,21.0,11.0,20.0,84.0,26.0,65.0,45.0"
183.0,"63.0,29.0,18.0,21.0,26.0,20.0,45.0,65.0,14.0,48.0"
184.0,"63.0,26.0,29.0,27.0,18.0,21.0,12.0,84.0,48.0,20.0"
185.0,"63.0,29.0,18.0,21.0,20.0,11.0,84.0,65.0,26.0,3.0"
186.0,"63.0,29.0,18.0,21.0,84.0,26.0,11.0,20.0,12.0,45.0"
187.0,"63.0,29.0,18.0,21.0,20.0,84.0,26.0,65.0,45.0,48.0"
188.0,"1365.0,503.0,234.0,432.0,143.0,88.0,947.0,104.0,79.0,53.0"
189.0,"63.0,29.0,26.0,18.0,21.0,20.0,27.0,48.0,45.0,14.0"
190.0,"63.0,29.0,18.0,21.0,26.0,20.0,65.0,45.0,14.0,48.0"
191.0,"27.0,6.0,48.0,26.0,28.0,45.0,14.0,12.0,29.0,18.0"
192.0,"63.0,29.0,18.0,21.0,11.0,26.0,20.0,84.0,65.0,48.0"
193.0,"63.0,29.0,26.0,21.0,18.0,11.0,20.0,27.0,14.0,45.0"
194.0,"63.0,29.0,18.0,21.0,84.0,20.0,11.0,26.0,12.0,65.0"
195.0,"63.0,29.0,18.0,21.0,11.0,26.0,65.0,20.0,84.0,6.0"
196.0,"63.0,29.0,18.0,21.0,26.0,12.0,48.0,6.0,20.0,84.0"
197.0,"6.0,196.0,28.0,48.0,104.0,27.0,1365.0,503.0,53.0,26.0"
198.0,"29.0,18.0,63.0,21.0,65.0,48.0,77.0,26.0,45.0,20.0"
199.0,"63.0,29.0,18.0,21.0,11.0,12.0,6.0,48.0,65.0,20.0"
200.0,"63.0,29.0,18.0,21.0,20.0,84.0,12.0,2.0,26.0,65.0"
201.0,"63.0,29.0,18.0,21.0,26.0,6.0,65.0,48.0,45.0,20.0"
202.0,"63.0,29.0,18.0,21.0,26.0,11.0,84.0,20.0,27.0,45.0"
203.0,"63.0,29.0,21.0,18.0,26.0,84.0,20.0,12.0,11.0,14.0"
204.0,"63.0,29.0,18.0,21.0,26.0,20.0,27.0,14.0,45.0,48.0"
205.0,"63.0,29.0,18.0,21.0,26.0,12.0,20.0,45.0,14.0,27.0"
206.0,"63.0,29.0,18.0,21.0,84.0,26.0,20.0,45.0,14.0,65.0"
207.0,"63.0,29.0,18.0,21.0,26.0,11.0,84.0,12.0,20.0,45.0"
208.0,"63.0,29.0,18.0,21.0,26.0,11.0,84.0,12.0,20.0,45.0"
209.0,"63.0,29.0,18.0,21.0,11.0,20.0,26.0,65.0,45.0,48.0"
210.0,"104.0,58.0,28.0,27.0,64.0,196.0,832.0,66.0,61.0,700.0"
211.0,"63.0,29.0,18.0,21.0,11.0,26.0,84.0,20.0,12.0,65.0"
212.0,"1365.0,104.0,432.0,503.0,947.0,696.0,143.0,1279.0,169.0,318.0"
213.0,"63.0,29.0,18.0,21.0,84.0,20.0,11.0,26.0,12.0,65.0"
214.0,"63.0,29.0,18.0,21.0,20.0,65.0,84.0,12.0,26.0,3.0"
215.0,"6.0,48.0,26.0,27.0,65.0,28.0,29.0,45.0,18.0,53.0"
216.0,"63.0,29.0,18.0,21.0,26.0,84.0,12.0,20.0,45.0,65.0"
217.0,"63.0,84.0,29.0,26.0,20.0,21.0,18.0,27.0,14.0,45.0"
218.0,"63.0,29.0,18.0,21.0,26.0,84.0,20.0,45.0,65.0,14.0"
219.0,"63.0,29.0,18.0,21.0,11.0,20.0,26.0,12.0,84.0,65.0"
220.0,"63.0,29.0,18.0,21.0,26.0,84.0,20.0,12.0,65.0,45.0"
221.0,"63.0,29.0,18.0,21.0,26.0,11.0,84.0,12.0,20.0,45.0"
222.0,"120.0,77.0,18.0,29.0,378.0,63.0,21.0,6.0,65.0,11.0"
223.0,"63.0,29.0,18.0,21.0,26.0,84.0,20.0,45.0,65.0,14.0"
224.0,"63.0,29.0,18.0,21.0,26.0,84.0,12.0,20.0,45.0,65.0"
225.0,"27.0,26.0,48.0,14.0,45.0,63.0,29.0,25.0,18.0,21.0"
226.0,"63.0,29.0,18.0,21.0,11.0,6.0,65.0,26.0,48.0,12.0"
227.0,"63.0,29.0,18.0,21.0,26.0,20.0,45.0,48.0,65.0,14.0"
228.0,"378.0,706.0,774.0,608.0,1692.0,292.0,259.0,120.0,415.0,573.0"
229.0,"120.0,378.0,615.0,608.0,119.0,292.0,77.0,414.0,234.0,573.0"
230.0,"26.0,63.0,27.0,11.0,48.0,29.0,12.0,18.0,6.0,21.0"
231.0,"234.0,120.0,92.0,53.0,460.0,88.0,266.0,143.0,503.0,6.0"
232.0,"120.0,378.0,608.0,292.0,615.0,119.0,573.0,414.0,843.0,706.0"
233.0,"63.0,29.0,18.0,21.0,26.0,84.0,12.0,20.0,27.0,45.0"
234.0,"63.0,29.0,18.0,21.0,26.0,20.0,84.0,65.0,45.0,48.0"
235.0,"378.0,120.0,608.0,292.0,706.0,573.0,259.0,774.0,843.0,1524.0"
236.0,"120.0,266.0,119.0,615.0,1023.0,92.0,1073.0,350.0,398.0,53.0"
237.0,"63.0,29.0,18.0,21.0,11.0,26.0,20.0,84.0,12.0,65.0"
238.0,"63.0,29.0,18.0,21.0,11.0,26.0,84.0,20.0,12.0,65.0"
239.0,"29.0,18.0,63.0,21.0,65.0,48.0,26.0,77.0,45.0,12.0"
240.0,"63.0,29.0,18.0,21.0,26.0,20.0,45.0,65.0,14.0,48.0"
241.0,"63.0,29.0,18.0,21.0,11.0,20.0,84.0,26.0,12.0,65.0"
242.0,"1365.0,503.0,432.0,104.0,143.0,947.0,92.0,234.0,88.0,79.0"
243.0,"63.0,29.0,18.0,21.0,26.0,12.0,20.0,65.0,45.0,48.0"
244.0,"63.0,29.0,18.0,21.0,26.0,84.0,20.0,12.0,45.0,65.0"
245.0,"63.0,29.0,21.0,18.0,26.0,84.0,12.0,20.0,27.0,14.0"
246.0,"63.0,29.0,18.0,21.0,84.0,11.0,20.0,26.0,12.0,65.0"
247.0,"63.0,29.0,18.0,21.0,26.0,84.0,11.0,12.0,20.0,27.0"
248.0,"63.0,29.0,18.0,21.0,26.0,20.0,45.0,27.0,48.0,14.0"
249.0,"63.0,26.0,29.0,21.0,12.0,11.0,18.0,27.0,20.0,14.0"
250.0,"63.0,29.0,18.0,21.0,26.0,20.0,45.0,65.0,48.0,14.0"
251.0,"63.0,29.0,21.0,18.0,26.0,84.0,20.0,27.0,14.0,45.0"
252.0,"63.0,29.0,18.0,21.0,11.0,26.0,12.0,6.0,65.0,48.0"
253.0,"63.0,29.0,84.0,21.0,18.0,26.0,20.0,12.0,11.0,14.0"
254.0,"6.0,29.0,18.0,11.0,48.0,65.0,26.0,21.0,63.0,45.0"
255.0,"63.0,29.0,18.0,21.0,26.0,84.0,20.0,45.0,65.0,48.0"
256.0,"104.0,1365.0,503.0,432.0,196.0,143.0,92.0,947.0,88.0,1279.0"
257.0,"63.0,29.0,18.0,21.0,26.0,11.0,84.0,20.0,12.0,45.0"
258.0,"63.0,29.0,18.0,21.0,26.0,11.0,84.0,12.0,20.0,45.0"
259.0,"63.0,29.0,84.0,21.0,18.0,26.0,20.0,12.0,11.0,14.0"
260.0,"63.0,29.0,18.0,21.0,11.0,20.0,26.0,84.0,12.0,65.0"
261.0,"63.0,29.0,18.0,21.0,20.0,26.0,11.0,12.0,45.0,65.0"
262.0,"63.0,29.0,18.0,21.0,26.0,84.0,20.0,45.0,14.0,27.0"
263.0,"63.0,29.0,18.0,21.0,26.0,84.0,20.0,27.0,45.0,14.0"
264.0,"6.0,18.0,29.0,77.0,65.0,21.0,48.0,63.0,53.0,26.0"
265.0,"63.0,29.0,18.0,21.0,26.0,84.0,20.0,45.0,14.0,65.0"
266.0,"63.0,29.0,18.0,21.0,11.0,26.0,48.0,6.0,65.0,45.0"
267.0,"63.0,29.0,18.0,21.0,11.0,26.0,84.0,20.0,12.0,65.0"
268.0,"63.0,29.0,18.0,21.0,11.0,26.0,20.0,12.0,84.0,65.0"
269.0,"63.0,29.0,18.0,21.0,26.0,11.0,84.0,20.0,12.0,45.0"
270.0,"63.0,29.0,26.0,18.0,21.0,12.0,20.0,27.0,14.0,45.0"
271.0,"63.0,29.0,18.0,21.0,26.0,20.0,65.0,45.0,48.0,14.0"
272.0,"63.0,29.0,18.0,21.0,20.0,84.0,11.0,65.0,2.0,45.0"
273.0,"120.0,234.0,266.0,119.0,615.0,1023.0,92.0,1073.0,350.0,1020.0"
274.0,"104.0,1365.0,196.0,503.0,432.0,92.0,88.0,460.0,28.0,143.0"
275.0,"27.0,28.0,48.0,6.0,26.0,14.0,87.0,11.0,45.0,61.0"
276.0,"1365.0,503.0,92.0,196.0,432.0,104.0,88.0,460.0,143.0,53.0"
277.0,"6.0,26.0,11.0,29.0,48.0,63.0,18.0,21.0,27.0,65.0"
278.0,"104.0,1365.0,503.0,196.0,432.0,92.0,143.0,88.0,28.0,947.0"
279.0,"63.0,29.0,26.0,21.0,18.0,12.0,20.0,27.0,14.0,45.0"
280.0,"63.0,29.0,18.0,21.0,84.0,26.0,20.0,45.0,14.0,65.0"
281.0,"63.0,29.0,18.0,21.0,26.0,20.0,45.0,65.0,48.0,14.0"
282.0,"63.0,29.0,18.0,21.0,26.0,11.0,84.0,12.0,20.0,27.0"
283.0,"63.0,29.0,18.0,21.0,84.0,20.0,11.0,26.0,65.0,45.0"
284.0,"6.0,53.0,48.0,460.0,92.0,11.0,26.0,196.0,28.0,88.0"
285.0,"120.0,234.0,266.0,119.0,1023.0,615.0,1020.0,1073.0,350.0,331.0"
286.0,"63.0,29.0,18.0,21.0,20.0,84.0,26.0,65.0,45.0,14.0"
287.0,"27.0,26.0,48.0,28.0,14.0,25.0,12.0,6.0,64.0,11.0"
288.0,"63.0,29.0,18.0,21.0,84.0,20.0,11.0,26.0,12.0,65.0"
289.0,"63.0,29.0,18.0,21.0,26.0,11.0,84.0,12.0,20.0,27.0"
290.0,"63.0,29.0,18.0,21.0,84.0,26.0,20.0,12.0,45.0,14.0"
291.0,"63.0,29.0,18.0,21.0,84.0,20.0,26.0,45.0,65.0,14.0"
292.0,"63.0,29.0,18.0,21.0,6.0,65.0,26.0,48.0,12.0,45.0"
293.0,"1365.0,104.0,503.0,432.0,196.0,92.0,143.0,947.0,88.0,460.0"
294.0,"63.0,29.0,26.0,21.0,18.0,11.0,84.0,20.0,27.0,14.0"
295.0,"63.0,29.0,18.0,21.0,26.0,20.0,45.0,27.0,14.0,48.0"
296.0,"63.0,29.0,18.0,21.0,26.0,84.0,20.0,45.0,14.0,27.0"
297.0,"63.0,29.0,18.0,21.0,26.0,11.0,84.0,20.0,12.0,45.0"
298.0,"63.0,29.0,18.0,21.0,26.0,12.0,20.0,45.0,14.0,27.0"
299.0,"63.0,29.0,18.0,21.0,2.0,65.0,20.0,26.0,77.0,45.0"
300.0,"1365.0,432.0,104.0,503.0,947.0,696.0,169.0,167.0,1020.0,401.0"
301.0,"48.0,26.0,53.0,65.0,18.0,29.0,27.0,45.0,28.0,77.0"
302.0,"63.0,29.0,18.0,21.0,26.0,20.0,45.0,65.0,14.0,48.0"
303.0,"63.0,29.0,18.0,21.0,20.0,26.0,84.0,65.0,45.0,48.0"
304.0,"120.0,378.0,608.0,292.0,706.0,259.0,573.0,843.0,774.0,1524.0"
305.0,"63.0,29.0,18.0,21.0,11.0,20.0,84.0,26.0,12.0,65.0"
306.0,"63.0,29.0,18.0,21.0,26.0,11.0,84.0,20.0,27.0,45.0"
307.0,"63.0,29.0,18.0,21.0,26.0,12.0,20.0,48.0,6.0,65.0"
308.0,"63.0,26.0,29.0,11.0,18.0,21.0,27.0,48.0,45.0,84.0"
309.0,"63.0,29.0,18.0,21.0,26.0,84.0,20.0,12.0,45.0,65.0"
310.0,"63.0,29.0,18.0,21.0,26.0,11.0,12.0,84.0,20.0,45.0"
311.0,"63.0,29.0,18.0,21.0,84.0,20.0,26.0,11.0,12.0,45.0"
312.0,"27.0,26.0,48.0,28.0,14.0,64.0,25.0,66.0,45.0,83.0"
313.0,"63.0,29.0,18.0,21.0,11.0,26.0,20.0,84.0,65.0,45.0"
314.0,"63.0,29.0,18.0,21.0,26.0,11.0,84.0,12.0,20.0,45.0"
315.0,"63.0,29.0,18.0,21.0,20.0,84.0,11.0,2.0,26.0,65.0"
316.0,"63.0,29.0,18.0,21.0,26.0,84.0,20.0,27.0,14.0,45.0"
317.0,"63.0,29.0,26.0,18.0,21.0,11.0,27.0,48.0,84.0,20.0"
318.0,"63.0,29.0,21.0,18.0,84.0,20.0,26.0,12.0,14.0,45.0"
319.0,"63.0,29.0,18.0,21.0,11.0,26.0,20.0,12.0,65.0,45.0"
320.0,"18.0,29.0,77.0,63.0,21.0,65.0,3.0,2.0,48.0,120.0"
321.0,"63.0,29.0,18.0,21.0,20.0,84.0,11.0,26.0,12.0,65.0"
322.0,"120.0,234.0,53.0,6.0,77.0,460.0,266.0,92.0,18.0,48.0"
323.0,"104.0,58.0,832.0,1365.0,93.0,700.0,1268.0,503.0,696.0,894.0"
324.0,"63.0,29.0,18.0,21.0,26.0,84.0,20.0,12.0,45.0,65.0"
325.0,"63.0,29.0,18.0,21.0,26.0,84.0,20.0,65.0,45.0,48.0"
326.0,"63.0,29.0,18.0,21.0,26.0,12.0,65.0,6.0,20.0,48.0"
327.0,"63.0,29.0,18.0,21.0,84.0,20.0,26.0,65.0,45.0,14.0"
328.0,"63.0,29.0,18.0,21.0,11.0,20.0,26.0,12.0,65.0,45.0"
329.0,"63.0,29.0,18.0,21.0,11.0,20.0,26.0,84.0,65.0,45.0"
330.0,"29.0,18.0,63.0,21.0,65.0,48.0,26.0,77.0,45.0,3.0"
331.0,"63.0,29.0,18.0,21.0,20.0,84.0,26.0,65.0,45.0,14.0"
332.0,"63.0,29.0,18.0,21.0,26.0,84.0,11.0,20.0,12.0,45.0"
333.0,"1365.0,104.0,432.0,503.0,947.0,696.0,169.0,318.0,1279.0,143.0"
334.0,"6.0,48.0,27.0,26.0,11.0,28.0,45.0,65.0,29.0,18.0"
335.0,"63.0,29.0,18.0,21.0,26.0,84.0,20.0,65.0,45.0,48.0"
336.0,"63.0,29.0,18.0,21.0,26.0,84.0,12.0,11.0,20.0,27.0"
337.0,"63.0,29.0,18.0,21.0,20.0,11.0,84.0,26.0,65.0,2.0"
338.0,"120.0,92.0,53.0,460.0,88.0,6.0,266.0,143.0,503.0,79.0"
339.0,"63.0,29.0,18.0,21.0,26.0,11.0,84.0,20.0,12.0,45.0"
340.0,"27.0,26.0,48.0,6.0,11.0,45.0,12.0,28.0,14.0,29.0"
341.0,"63.0,29.0,18.0,21.0,11.0,20.0,26.0,12.0,65.0,45.0"
342.0,"93.0,832.0,1215.0,58.0,66.0,1268.0,64.0,1250.0,1572.0,7.0"
343.0,"27.0,63.0,26.0,66.0,84.0,12.0,14.0,25.0,20.0,83.0"
344.0,"29.0,18.0,6.0,63.0,21.0,65.0,48.0,26.0,77.0,45.0"
345.0,"63.0,29.0,18.0,21.0,26.0,84.0,20.0,12.0,45.0,65.0"
346.0,"63.0,29.0,18.0,21.0,26.0,20.0,45.0,65.0,48.0,14.0"
347.0,"63.0,18.0,11.0,26.0,84.0,20.0,12.0,65.0,45.0,14.0"
348.0,"63.0,29.0,18.0,21.0,26.0,84.0,20.0,27.0,45.0,14.0"
349.0,"63.0,29.0,18.0,21.0,26.0,20.0,12.0,45.0,14.0,65.0"
350.0,"63.0,29.0,18.0,21.0,11.0,26.0,20.0,65.0,45.0,48.0"
351.0,"63.0,29.0,18.0,21.0,11.0,26.0,84.0,20.0,65.0,45.0"
352.0,"63.0,29.0,18.0,21.0,26.0,20.0,65.0,45.0,48.0,14.0"
353.0,"63.0,29.0,21.0,18.0,84.0,20.0,12.0,26.0,45.0,14.0"
354.0,"63.0,29.0,18.0,21.0,26.0,84.0,20.0,12.0,45.0,14.0"
355.0,"63.0,29.0,18.0,21.0,26.0,20.0,27.0,45.0,14.0,48.0"
356.0,"63.0,29.0,18.0,21.0,26.0,84.0,20.0,65.0,45.0,14.0"
357.0,"63.0,29.0,18.0,21.0,11.0,20.0,26.0,84.0,12.0,65.0"
358.0,"63.0,29.0,18.0,21.0,26.0,84.0,12.0,20.0,45.0,14.0"
359.0,"63.0,29.0,18.0,21.0,26.0,84.0,12.0,20.0,45.0,27.0"
360.0,"63.0,29.0,18.0,21.0,26.0,11.0,84.0,20.0,45.0,48.0"
361.0,"63.0,29.0,18.0,21.0,11.0,26.0,84.0,20.0,65.0,45.0"
362.0,"63.0,29.0,18.0,21.0,84.0,26.0,20.0,45.0,14.0,65.0"
363.0,"63.0,29.0,18.0,21.0,26.0,11.0,84.0,12.0,20.0,45.0"
364.0,"120.0,378.0,119.0,615.0,234.0,414.0,608.0,266.0,292.0,435.0"
365.0,"63.0,29.0,18.0,21.0,26.0,20.0,45.0,14.0,48.0,27.0"
366.0,"63.0,29.0,18.0,21.0,11.0,26.0,12.0,20.0,84.0,65.0"
367.0,"63.0,26.0,29.0,18.0,27.0,21.0,48.0,20.0,14.0,45.0"
368.0,"63.0,26.0,27.0,29.0,48.0,14.0,21.0,18.0,84.0,45.0"
369.0,"63.0,29.0,18.0,21.0,26.0,84.0,20.0,12.0,65.0,45.0"
370.0,"104.0,58.0,196.0,28.0,27.0,700.0,1365.0,832.0,64.0,503.0"
371.0,"63.0,29.0,18.0,21.0,84.0,26.0,11.0,20.0,12.0,45.0"
372.0,"120.0,53.0,6.0,234.0,77.0,18.0,29.0,65.0,11.0,615.0"
373.0,"63.0,29.0,18.0,21.0,26.0,84.0,11.0,12.0,20.0,45.0"
374.0,"120.0,119.0,615.0,414.0,266.0,378.0,1023.0,435.0,685.0,608.0"
375.0,"63.0,29.0,18.0,21.0,26.0,11.0,12.0,84.0,20.0,45.0"
376.0,"6.0,18.0,29.0,77.0,65.0,11.0,21.0,53.0,48.0,63.0"
377.0,"104.0,1365.0,196.0,503.0,432.0,700.0,92.0,28.0,58.0,143.0"
378.0,"63.0,29.0,18.0,21.0,26.0,84.0,20.0,12.0,45.0,65.0"
379.0,"63.0,29.0,18.0,21.0,11.0,26.0,20.0,65.0,12.0,84.0"
380.0,"63.0,84.0,29.0,26.0,12.0,20.0,21.0,18.0,27.0,11.0"
381.0,"63.0,29.0,18.0,21.0,20.0,26.0,12.0,45.0,14.0,65.0"
382.0,"63.0,29.0,21.0,18.0,26.0,84.0,11.0,20.0,27.0,14.0"
383.0,"63.0,29.0,18.0,21.0,11.0,26.0,84.0,20.0,12.0,65.0"
384.0,"63.0,29.0,18.0,21.0,26.0,20.0,65.0,45.0,48.0,14.0"
385.0,"120.0,234.0,615.0,119.0,53.0,266.0,77.0,6.0,414.0,176.0"
386.0,"63.0,29.0,18.0,21.0,20.0,26.0,12.0,45.0,14.0,65.0"
387.0,"63.0,29.0,18.0,21.0,26.0,84.0,11.0,12.0,20.0,45.0"
388.0,"63.0,29.0,18.0,21.0,11.0,26.0,20.0,84.0,12.0,65.0"
389.0,"63.0,29.0,18.0,21.0,26.0,84.0,20.0,45.0,65.0,14.0"
390.0,"63.0,29.0,18.0,11.0,26.0,6.0,21.0,48.0,65.0,12.0"
391.0,"1365.0,503.0,432.0,104.0,92.0,143.0,196.0,88.0,234.0,947.0"
392.0,"63.0,29.0,18.0,21.0,26.0,84.0,20.0,12.0,65.0,45.0"
393.0,"63.0,29.0,18.0,21.0,20.0,2.0,26.0,65.0,45.0,48.0"
394.0,"6.0,48.0,26.0,11.0,27.0,29.0,18.0,65.0,45.0,21.0"
395.0,"6.0,48.0,26.0,27.0,65.0,29.0,18.0,45.0,28.0,21.0"
396.0,"63.0,29.0,18.0,21.0,11.0,84.0,20.0,12.0,45.0,65.0"
397.0,"63.0,29.0,18.0,21.0,26.0,84.0,20.0,45.0,14.0,27.0"
398.0,"63.0,29.0,18.0,21.0,26.0,84.0,11.0,20.0,45.0,14.0"
399.0,"63.0,29.0,18.0,21.0,26.0,11.0,84.0,20.0,27.0,45.0"
400.0,"63.0,29.0,18.0,21.0,11.0,26.0,12.0,20.0,84.0,65.0"
401.0,"63.0,29.0,18.0,21.0,26.0,65.0,20.0,48.0,84.0,45.0"
402.0,"63.0,29.0,18.0,21.0,26.0,11.0,84.0,12.0,20.0,45.0"
403.0,"63.0,29.0,18.0,21.0,26.0,11.0,84.0,20.0,45.0,14.0"
404.0,"63.0,18.0,29.0,21.0,77.0,378.0,65.0,3.0,20.0,15.0"
405.0,"63.0,29.0,18.0,21.0,26.0,11.0,84.0,20.0,12.0,45.0"
406.0,"63.0,29.0,18.0,21.0,20.0,26.0,45.0,14.0,65.0,27.0"
407.0,"58.0,104.0,832.0,93.0,700.0,1215.0,196.0,1268.0,28.0,27.0"
408.0,"63.0,2.0,29.0,18.0,21.0,20.0,84.0,11.0,65.0,12.0"
409.0,"63.0,29.0,18.0,21.0,26.0,84.0,12.0,20.0,27.0,45.0"
410.0,"63.0,29.0,18.0,21.0,26.0,12.0,84.0,20.0,45.0,65.0"
411.0,"63.0,29.0,18.0,21.0,26.0,20.0,84.0,65.0,45.0,48.0"
412.0,"63.0,29.0,18.0,21.0,20.0,26.0,65.0,45.0,48.0,14.0"
413.0,"63.0,29.0,18.0,21.0,20.0,65.0,26.0,84.0,2.0,45.0"
414.0,"63.0,29.0,18.0,21.0,65.0,26.0,20.0,12.0,6.0,84.0"
415.0,"63.0,29.0,18.0,21.0,11.0,26.0,84.0,20.0,12.0,65.0"
416.0,"63.0,29.0,18.0,21.0,26.0,11.0,84.0,12.0,20.0,45.0"
417.0,"63.0,29.0,18.0,21.0,11.0,84.0,20.0,26.0,12.0,65.0"
418.0,"63.0,29.0,18.0,21.0,11.0,26.0,20.0,12.0,84.0,65.0"
419.0,"63.0,29.0,18.0,21.0,11.0,26.0,12.0,84.0,20.0,65.0"
420.0,"104.0,1365.0,503.0,432.0,196.0,58.0,700.0,696.0,143.0,1279.0"
421.0,"120.0,234.0,119.0,615.0,266.0,1023.0,414.0,685.0,1073.0,435.0"
422.0,"6.0,48.0,28.0,27.0,196.0,26.0,53.0,11.0,16.0,45.0"
423.0,"6.0,53.0,77.0,18.0,29.0,65.0,48.0,120.0,21.0,26.0"
424.0,"63.0,29.0,18.0,21.0,2.0,65.0,20.0,77.0,84.0,26.0"
425.0,"63.0,29.0,18.0,21.0,26.0,20.0,45.0,65.0,14.0,48.0"
426.0,"63.0,29.0,18.0,21.0,20.0,84.0,12.0,26.0,65.0,2.0"
427.0,"63.0,29.0,18.0,21.0,26.0,20.0,27.0,45.0,14.0,48.0"
428.0,"63.0,29.0,18.0,21.0,11.0,26.0,20.0,65.0,45.0,48.0"
429.0,"92.0,53.0,460.0,6.0,88.0,503.0,1365.0,143.0,196.0,48.0"
430.0,"63.0,29.0,18.0,21.0,26.0,84.0,11.0,12.0,20.0,45.0"
431.0,"63.0,29.0,18.0,21.0,20.0,84.0,11.0,12.0,26.0,65.0"
432.0,"63.0,29.0,18.0,21.0,2.0,65.0,77.0,20.0,3.0,84.0"
433.0,"6.0,29.0,18.0,11.0,48.0,63.0,21.0,65.0,45.0,12.0"
434.0,"63.0,29.0,18.0,21.0,26.0,11.0,12.0,84.0,20.0,45.0"
435.0,"27.0,26.0,14.0,66.0,12.0,63.0,25.0,48.0,84.0,7.0"
436.0,"63.0,29.0,18.0,21.0,84.0,20.0,26.0,11.0,12.0,45.0"
437.0,"63.0,29.0,26.0,21.0,18.0,12.0,20.0,27.0,14.0,45.0"
438.0,"120.0,119.0,1023.0,1020.0,266.0,414.0,1058.0,234.0,615.0,350.0"
439.0,"63.0,29.0,18.0,21.0,20.0,84.0,26.0,12.0,65.0,45.0"
440.0,"6.0,92.0,53.0,503.0,460.0,88.0,1365.0,196.0,48.0,143.0"
441.0,"63.0,29.0,18.0,21.0,26.0,20.0,65.0,45.0,48.0,14.0"
442.0,"48.0,27.0,28.0,26.0,45.0,53.0,16.0,65.0,196.0,29.0"
443.0,"63.0,29.0,18.0,21.0,26.0,84.0,20.0,12.0,65.0,45.0"
444.0,"63.0,29.0,21.0,26.0,18.0,84.0,12.0,20.0,27.0,14.0"
445.0,"63.0,29.0,18.0,21.0,26.0,84.0,12.0,20.0,45.0,65.0"
446.0,"63.0,29.0,18.0,21.0,20.0,84.0,11.0,26.0,12.0,65.0"
447.0,"92.0,234.0,503.0,460.0,53.0,88.0,1365.0,143.0,6.0,432.0"
448.0,"63.0,29.0,18.0,21.0,26.0,20.0,27.0,45.0,14.0,48.0"
449.0,"120.0,234.0,119.0,615.0,266.0,414.0,378.0,1023.0,435.0,398.0"
450.0,"63.0,29.0,18.0,21.0,26.0,84.0,20.0,65.0,45.0,14.0"
451.0,"63.0,29.0,18.0,21.0,20.0,11.0,26.0,65.0,45.0,14.0"
452.0,"63.0,29.0,18.0,21.0,26.0,84.0,20.0,27.0,45.0,14.0"
453.0,"63.0,29.0,18.0,21.0,26.0,11.0,84.0,12.0,20.0,45.0"
454.0,"63.0,29.0,18.0,21.0,26.0,65.0,20.0,6.0,84.0,48.0"
455.0,"27.0,48.0,26.0,11.0,28.0,45.0,14.0,29.0,18.0,65.0"
456.0,"6.0,48.0,53.0,26.0,65.0,18.0,29.0,27.0,45.0,77.0"
457.0,"63.0,29.0,18.0,21.0,26.0,20.0,45.0,27.0,14.0,48.0"
458.0,"63.0,29.0,18.0,21.0,84.0,20.0,11.0,26.0,12.0,65.0"
459.0,"63.0,29.0,18.0,21.0,26.0,20.0,45.0,14.0,27.0,48.0"
460.0,"27.0,28.0,48.0,26.0,6.0,11.0,14.0,45.0,25.0,87.0"
461.0,"6.0,48.0,26.0,11.0,27.0,29.0,18.0,45.0,65.0,21.0"
462.0,"63.0,29.0,18.0,21.0,20.0,84.0,11.0,26.0,12.0,65.0"
463.0,"63.0,29.0,18.0,21.0,84.0,20.0,11.0,26.0,12.0,65.0"
464.0,"63.0,29.0,26.0,21.0,18.0,84.0,27.0,20.0,14.0,48.0"
465.0,"63.0,29.0,18.0,21.0,26.0,84.0,20.0,65.0,45.0,48.0"
466.0,"63.0,29.0,18.0,21.0,26.0,20.0,45.0,65.0,48.0,14.0"
467.0,"63.0,29.0,18.0,21.0,11.0,20.0,65.0,26.0,45.0,48.0"
468.0,"63.0,29.0,18.0,21.0,26.0,20.0,65.0,45.0,48.0,14.0"
469.0,"63.0,29.0,26.0,18.0,21.0,12.0,84.0,20.0,27.0,48.0"
470.0,"63.0,29.0,18.0,21.0,84.0,20.0,26.0,11.0,12.0,45.0"
471.0,"63.0,26.0,29.0,21.0,18.0,12.0,27.0,84.0,20.0,14.0"
472.0,"63.0,29.0,18.0,21.0,26.0,11.0,84.0,20.0,45.0,14.0"
473.0,"27.0,66.0,63.0,26.0,84.0,14.0,12.0,25.0,83.0,20.0"
474.0,"63.0,29.0,18.0,21.0,11.0,65.0,26.0,20.0,12.0,6.0"
475.0,"63.0,29.0,18.0,21.0,20.0,84.0,12.0,26.0,65.0,45.0"
476.0,"63.0,29.0,18.0,21.0,11.0,20.0,26.0,84.0,12.0,65.0"
477.0,"63.0,29.0,18.0,21.0,65.0,77.0,20.0,26.0,48.0,45.0"
478.0,"63.0,29.0,18.0,21.0,11.0,84.0,26.0,12.0,65.0,45.0"
479.0,"63.0,26.0,29.0,27.0,12.0,11.0,21.0,18.0,84.0,20.0"
480.0,"63.0,29.0,18.0,21.0,84.0,26.0,20.0,12.0,65.0,45.0"
481.0,"27.0,66.0,26.0,14.0,7.0,12.0,63.0,84.0,25.0,64.0"
482.0,"63.0,29.0,18.0,21.0,11.0,20.0,84.0,26.0,65.0,45.0"
483.0,"63.0,29.0,18.0,21.0,84.0,26.0,20.0,65.0,45.0,14.0"
484.0,"63.0,29.0,18.0,21.0,11.0,26.0,12.0,20.0,84.0,65.0"
485.0,"63.0,29.0,18.0,21.0,11.0,26.0,65.0,20.0,48.0,45.0"
486.0,"63.0,29.0,18.0,21.0,26.0,12.0,84.0,20.0,65.0,45.0"
487.0,"63.0,29.0,18.0,21.0,20.0,26.0,65.0,45.0,14.0,48.0"
488.0,"63.0,29.0,18.0,21.0,26.0,84.0,20.0,12.0,45.0,65.0"
489.0,"63.0,29.0,18.0,21.0,26.0,11.0,84.0,20.0,45.0,65.0"
490.0,"63.0,29.0,18.0,21.0,11.0,20.0,26.0,84.0,65.0,45.0"
491.0,"63.0,29.0,18.0,21.0,26.0,84.0,20.0,45.0,65.0,14.0"
492.0,"63.0,29.0,18.0,21.0,26.0,84.0,20.0,45.0,65.0,48.0"
493.0,"63.0,29.0,18.0,21.0,11.0,20.0,26.0,84.0,12.0,65.0"
494.0,"63.0,29.0,18.0,21.0,26.0,20.0,12.0,14.0,45.0,27.0"
495.0,"63.0,29.0,18.0,21.0,26.0,11.0,20.0,12.0,45.0,65.0"
496.0,"63.0,29.0,18.0,21.0,26.0,84.0,11.0,20.0,12.0,45.0"
497.0,"63.0,29.0,18.0,21.0,20.0,84.0,26.0,12.0,65.0,45.0"
498.0,"63.0,29.0,18.0,21.0,26.0,20.0,12.0,84.0,65.0,45.0"
499.0,"63.0,29.0,18.0,21.0,20.0,84.0,11.0,12.0,26.0,65.0"
500.0,"63.0,29.0,18.0,21.0,26.0,84.0,20.0,27.0,45.0,14.0"
501.0,"63.0,29.0,18.0,21.0,20.0,26.0,84.0,12.0,65.0,2.0"
502.0,"63.0,29.0,18.0,21.0,11.0,26.0,20.0,65.0,45.0,48.0"
503.0,"104.0,1365.0,696.0,432.0,58.0,503.0,1268.0,1025.0,1279.0,832.0"
504.0,"63.0,29.0,18.0,21.0,26.0,20.0,12.0,45.0,65.0,14.0"
505.0,"63.0,29.0,18.0,21.0,26.0,65.0,48.0,45.0,20.0,77.0"
506.0,"63.0,29.0,26.0,18.0,21.0,11.0,12.0,27.0,48.0,84.0"
507.0,"63.0,29.0,18.0,21.0,26.0,11.0,20.0,45.0,14.0,27.0"
508.0,"63.0,18.0,29.0,21.0,77.0,65.0,11.0,3.0,20.0,6.0"
509.0,"6.0,27.0,48.0,26.0,28.0,45.0,14.0,12.0,16.0,65.0"
510.0,"120.0,234.0,615.0,119.0,53.0,266.0,77.0,6.0,176.0,398.0"
511.0,"63.0,29.0,18.0,21.0,11.0,26.0,84.0,20.0,12.0,65.0"
512.0,"63.0,29.0,18.0,21.0,26.0,11.0,84.0,20.0,12.0,45.0"
513.0,"63.0,29.0,18.0,21.0,26.0,11.0,12.0,84.0,20.0,27.0"
514.0,"63.0,29.0,18.0,21.0,11.0,26.0,65.0,12.0,20.0,6.0"
515.0,"27.0,48.0,26.0,28.0,45.0,14.0,29.0,18.0,65.0,21.0"
516.0,"63.0,29.0,18.0,21.0,11.0,20.0,84.0,26.0,12.0,65.0"
517.0,"63.0,29.0,18.0,21.0,26.0,11.0,20.0,45.0,14.0,27.0"
518.0,"63.0,29.0,18.0,21.0,11.0,26.0,20.0,84.0,12.0,65.0"
519.0,"63.0,29.0,18.0,21.0,26.0,84.0,20.0,27.0,14.0,45.0"
520.0,"63.0,29.0,18.0,21.0,26.0,84.0,20.0,45.0,14.0,48.0"
521.0,"63.0,29.0,26.0,21.0,18.0,12.0,84.0,11.0,20.0,27.0"
522.0,"63.0,29.0,18.0,21.0,11.0,20.0,26.0,65.0,45.0,48.0"
523.0,"63.0,27.0,26.0,29.0,14.0,84.0,48.0,21.0,45.0,18.0"
524.0,"63.0,29.0,26.0,18.0,21.0,11.0,27.0,84.0,48.0,20.0"
525.0,"63.0,29.0,18.0,21.0,26.0,84.0,20.0,12.0,65.0,45.0"
526.0,"63.0,29.0,18.0,21.0,20.0,26.0,65.0,45.0,14.0,48.0"
527.0,"63.0,29.0,21.0,18.0,84.0,20.0,26.0,12.0,11.0,14.0"
528.0,"63.0,26.0,27.0,29.0,84.0,12.0,21.0,11.0,18.0,20.0"
529.0,"63.0,29.0,18.0,21.0,11.0,20.0,84.0,26.0,12.0,65.0"
530.0,"104.0,1365.0,58.0,503.0,432.0,196.0,700.0,696.0,1279.0,1239.0"
531.0,"63.0,29.0,18.0,21.0,11.0,20.0,26.0,84.0,12.0,65.0"
532.0,"63.0,26.0,29.0,18.0,21.0,27.0,12.0,84.0,48.0,20.0"
533.0,"63.0,29.0,18.0,21.0,26.0,11.0,12.0,84.0,20.0,48.0"
534.0,"27.0,28.0,26.0,48.0,64.0,14.0,25.0,61.0,6.0,66.0"
535.0,"18.0,29.0,63.0,77.0,21.0,65.0,3.0,48.0,26.0,45.0"
536.0,"378.0,63.0,18.0,29.0,77.0,21.0,608.0,65.0,292.0,706.0"
537.0,"63.0,29.0,18.0,21.0,26.0,20.0,65.0,45.0,48.0,14.0"
538.0,"63.0,29.0,26.0,21.0,18.0,12.0,27.0,20.0,14.0,45.0"
539.0,"63.0,29.0,18.0,21.0,20.0,11.0,26.0,65.0,45.0,14.0"
540.0,"63.0,29.0,18.0,21.0,26.0,84.0,20.0,12.0,45.0,65.0"
541.0,"63.0,29.0,18.0,21.0,26.0,84.0,12.0,20.0,45.0,65.0"
542.0,"63.0,29.0,18.0,21.0,26.0,84.0,20.0,12.0,65.0,45.0"
543.0,"63.0,29.0,18.0,21.0,26.0,11.0,84.0,20.0,12.0,45.0"
544.0,"48.0,26.0,27.0,28.0,45.0,29.0,65.0,18.0,21.0,14.0"
545.0,"63.0,29.0,26.0,18.0,21.0,12.0,84.0,20.0,27.0,45.0"
546.0,"63.0,29.0,26.0,84.0,21.0,18.0,11.0,20.0,27.0,14.0"
547.0,"63.0,29.0,18.0,21.0,26.0,20.0,45.0,65.0,14.0,48.0"
548.0,"63.0,29.0,26.0,21.0,18.0,20.0,27.0,14.0,45.0,48.0"
549.0,"63.0,29.0,26.0,21.0,20.0,18.0,27.0,14.0,45.0,25.0"
550.0,"1365.0,503.0,104.0,432.0,143.0,947.0,92.0,196.0,88.0,79.0"
551.0,"63.0,29.0,18.0,26.0,21.0,48.0,6.0,27.0,45.0,65.0"
552.0,"63.0,29.0,18.0,21.0,11.0,84.0,20.0,26.0,65.0,45.0"
553.0,"63.0,29.0,26.0,21.0,18.0,11.0,84.0,27.0,20.0,14.0"
554.0,"63.0,29.0,18.0,26.0,21.0,48.0,6.0,27.0,45.0,20.0"
555.0,"53.0,48.0,65.0,18.0,77.0,29.0,26.0,460.0,21.0,45.0"
556.0,"63.0,29.0,18.0,21.0,26.0,11.0,84.0,20.0,45.0,65.0"
557.0,"63.0,29.0,21.0,18.0,26.0,20.0,12.0,14.0,45.0,27.0"
558.0,"63.0,29.0,18.0,21.0,11.0,26.0,84.0,20.0,12.0,65.0"
559.0,"63.0,29.0,26.0,18.0,21.0,27.0,20.0,48.0,45.0,14.0"
560.0,"63.0,29.0,18.0,21.0,20.0,26.0,84.0,12.0,65.0,45.0"
561.0,"63.0,29.0,18.0,21.0,26.0,20.0,45.0,65.0,14.0,48.0"
562.0,"63.0,29.0,21.0,18.0,26.0,84.0,12.0,20.0,27.0,14.0"
563.0,"63.0,29.0,18.0,21.0,26.0,11.0,84.0,20.0,12.0,45.0"
564.0,"63.0,29.0,18.0,21.0,26.0,84.0,20.0,12.0,65.0,45.0"
565.0,"63.0,29.0,18.0,21.0,11.0,84.0,20.0,26.0,12.0,65.0"
566.0,"63.0,29.0,18.0,21.0,26.0,20.0,27.0,45.0,48.0,14.0"
567.0,"63.0,29.0,18.0,21.0,11.0,26.0,20.0,65.0,6.0,48.0"
568.0,"6.0,18.0,29.0,11.0,65.0,21.0,48.0,63.0,77.0,26.0"
569.0,"63.0,26.0,27.0,29.0,21.0,84.0,18.0,14.0,48.0,20.0"
570.0,"63.0,29.0,18.0,21.0,84.0,26.0,20.0,45.0,14.0,65.0"
571.0,"63.0,26.0,27.0,29.0,48.0,18.0,21.0,14.0,45.0,20.0"
572.0,"63.0,29.0,18.0,21.0,26.0,84.0,20.0,12.0,65.0,45.0"
573.0,"63.0,29.0,18.0,21.0,11.0,26.0,20.0,84.0,65.0,45.0"
574.0,"63.0,29.0,18.0,21.0,26.0,84.0,20.0,27.0,48.0,45.0"
575.0,"63.0,29.0,18.0,21.0,26.0,11.0,84.0,20.0,45.0,27.0"
576.0,"63.0,29.0,18.0,21.0,20.0,84.0,26.0,65.0,45.0,14.0"
577.0,"63.0,29.0,18.0,21.0,11.0,26.0,84.0,20.0,12.0,65.0"
578.0,"63.0,29.0,26.0,18.0,21.0,11.0,12.0,84.0,27.0,20.0"
579.0,"63.0,29.0,18.0,21.0,26.0,84.0,12.0,20.0,45.0,14.0"
580.0,"63.0,29.0,18.0,21.0,11.0,26.0,20.0,84.0,65.0,45.0"
581.0,"63.0,29.0,18.0,21.0,26.0,11.0,84.0,20.0,12.0,45.0"
582.0,"63.0,29.0,18.0,21.0,26.0,11.0,84.0,20.0,12.0,45.0"
583.0,"63.0,29.0,18.0,21.0,26.0,11.0,12.0,84.0,20.0,45.0"
584.0,"120.0,234.0,266.0,119.0,615.0,53.0,1023.0,92.0,460.0,1073.0"
585.0,"63.0,26.0,29.0,18.0,21.0,27.0,12.0,48.0,6.0,45.0"
586.0,"63.0,29.0,18.0,21.0,26.0,20.0,12.0,45.0,65.0,14.0"
587.0,"63.0,29.0,18.0,21.0,11.0,84.0,20.0,26.0,12.0,65.0"
588.0,"27.0,26.0,48.0,28.0,14.0,11.0,45.0,12.0,25.0,87.0"
589.0,"63.0,29.0,18.0,21.0,26.0,11.0,20.0,12.0,45.0,65.0"
590.0,"63.0,29.0,18.0,21.0,11.0,26.0,20.0,84.0,65.0,48.0"
591.0,"27.0,63.0,12.0,14.0,84.0,11.0,48.0,25.0,45.0,29.0"
592.0,"63.0,29.0,18.0,21.0,20.0,65.0,26.0,84.0,2.0,45.0"
593.0,"63.0,26.0,29.0,18.0,21.0,12.0,27.0,84.0,20.0,48.0"
594.0,"63.0,29.0,26.0,18.0,11.0,21.0,6.0,48.0,12.0,27.0"
595.0,"63.0,29.0,18.0,21.0,11.0,20.0,84.0,26.0,12.0,65.0"
596.0,"63.0,29.0,18.0,11.0,21.0,26.0,6.0,48.0,65.0,12.0"
597.0,"63.0,29.0,18.0,21.0,26.0,84.0,20.0,45.0,65.0,48.0"
598.0,"63.0,29.0,18.0,21.0,26.0,84.0,20.0,12.0,45.0,65.0"
599.0,"378.0,63.0,18.0,29.0,77.0,2.0,21.0,608.0,65.0,292.0"
600.0,"63.0,29.0,18.0,21.0,65.0,20.0,2.0,26.0,12.0,84.0"
601.0,"63.0,29.0,18.0,21.0,20.0,12.0,26.0,65.0,45.0,14.0"
602.0,"63.0,29.0,18.0,21.0,26.0,11.0,84.0,20.0,12.0,45.0"
603.0,"63.0,29.0,18.0,21.0,26.0,11.0,84.0,20.0,45.0,65.0"
604.0,"63.0,29.0,18.0,21.0,26.0,84.0,20.0,12.0,45.0,65.0"
605.0,"63.0,26.0,27.0,12.0,29.0,11.0,84.0,21.0,14.0,18.0"
606.0,"63.0,29.0,18.0,21.0,26.0,20.0,45.0,27.0,14.0,48.0"
607.0,"63.0,29.0,18.0,21.0,26.0,11.0,84.0,20.0,45.0,14.0"
608.0,"104.0,1365.0,432.0,58.0,503.0,696.0,1279.0,700.0,196.0,947.0"
609.0,"63.0,29.0,18.0,21.0,26.0,11.0,84.0,20.0,45.0,65.0"
610.0,"63.0,29.0,18.0,21.0,26.0,20.0,12.0,45.0,65.0,14.0"
611.0,"6.0,48.0,53.0,26.0,65.0,18.0,29.0,77.0,45.0,27.0"
612.0,"63.0,29.0,18.0,21.0,11.0,26.0,84.0,20.0,12.0,65.0"
613.0,"63.0,29.0,18.0,21.0,26.0,20.0,45.0,65.0,48.0,14.0"
614.0,"63.0,29.0,18.0,21.0,26.0,20.0,45.0,65.0,14.0,48.0"
615.0,"63.0,29.0,26.0,18.0,48.0,21.0,27.0,12.0,45.0,65.0"
616.0,"120.0,234.0,615.0,119.0,266.0,53.0,414.0,176.0,398.0,77.0"
617.0,"63.0,29.0,18.0,21.0,20.0,11.0,26.0,65.0,45.0,14.0"
618.0,"63.0,29.0,18.0,26.0,21.0,6.0,48.0,12.0,45.0,27.0"
619.0,"27.0,26.0,48.0,11.0,6.0,63.0,12.0,29.0,45.0,14.0"
620.0,"63.0,29.0,18.0,21.0,11.0,26.0,20.0,84.0,65.0,45.0"
621.0,"63.0,29.0,18.0,21.0,11.0,65.0,26.0,20.0,12.0,2.0"
622.0,"63.0,29.0,26.0,18.0,21.0,27.0,48.0,20.0,45.0,14.0"
623.0,"63.0,29.0,18.0,26.0,21.0,6.0,48.0,12.0,65.0,45.0"
624.0,"66.0,7.0,27.0,64.0,83.0,37.0,25.0,14.0,91.0,26.0"
625.0,"63.0,29.0,18.0,21.0,20.0,84.0,26.0,65.0,2.0,45.0"
626.0,"27.0,63.0,26.0,14.0,84.0,48.0,29.0,45.0,25.0,21.0"
627.0,"63.0,26.0,29.0,18.0,6.0,48.0,27.0,21.0,12.0,45.0"
628.0,"6.0,48.0,53.0,28.0,26.0,27.0,460.0,196.0,92.0,65.0"
629.0,"63.0,29.0,18.0,21.0,26.0,11.0,84.0,20.0,27.0,45.0"
630.0,"63.0,29.0,18.0,21.0,26.0,84.0,20.0,27.0,45.0,14.0"
631.0,"63.0,29.0,21.0,18.0,20.0,26.0,14.0,45.0,65.0,27.0"
632.0,"63.0,29.0,18.0,21.0,84.0,20.0,26.0,12.0,65.0,45.0"
633.0,"63.0,29.0,18.0,21.0,26.0,20.0,45.0,65.0,14.0,48.0"
634.0,"63.0,29.0,18.0,21.0,26.0,84.0,20.0,45.0,65.0,14.0"
635.0,"63.0,29.0,18.0,21.0,11.0,26.0,6.0,48.0,65.0,45.0"
636.0,"63.0,29.0,18.0,21.0,11.0,20.0,26.0,84.0,12.0,65.0"
637.0,"63.0,29.0,18.0,21.0,11.0,26.0,84.0,20.0,12.0,65.0"
638.0,"63.0,29.0,18.0,21.0,26.0,20.0,65.0,45.0,48.0,14.0"
639.0,"63.0,29.0,18.0,21.0,20.0,84.0,26.0,12.0,65.0,45.0"
640.0,"63.0,29.0,18.0,21.0,84.0,26.0,20.0,12.0,11.0,45.0"
641.0,"63.0,29.0,18.0,21.0,20.0,26.0,12.0,65.0,45.0,14.0"
642.0,"66.0,27.0,64.0,28.0,7.0,93.0,58.0,61.0,37.0,91.0"
643.0,"18.0,29.0,77.0,6.0,65.0,21.0,11.0,63.0,53.0,48.0"
644.0,"63.0,29.0,18.0,21.0,11.0,26.0,20.0,84.0,12.0,65.0"
645.0,"63.0,29.0,18.0,21.0,26.0,12.0,20.0,84.0,48.0,65.0"
646.0,"63.0,29.0,18.0,21.0,26.0,84.0,20.0,45.0,65.0,14.0"
647.0,"27.0,28.0,48.0,26.0,6.0,14.0,45.0,12.0,25.0,87.0"
648.0,"63.0,29.0,26.0,18.0,21.0,84.0,20.0,27.0,14.0,45.0"
649.0,"28.0,27.0,104.0,196.0,6.0,48.0,26.0,87.0,16.0,14.0"
650.0,"63.0,29.0,18.0,21.0,20.0,12.0,26.0,65.0,2.0,45.0"
651.0,"63.0,29.0,18.0,21.0,26.0,84.0,20.0,45.0,65.0,14.0"
652.0,"63.0,29.0,18.0,21.0,20.0,84.0,26.0,12.0,65.0,45.0"
653.0,"63.0,29.0,18.0,21.0,26.0,65.0,20.0,12.0,84.0,6.0"
654.0,"63.0,29.0,18.0,21.0,84.0,20.0,11.0,26.0,12.0,65.0"
655.0,"63.0,29.0,18.0,21.0,26.0,11.0,84.0,20.0,45.0,14.0"
656.0,"63.0,29.0,18.0,21.0,26.0,84.0,20.0,45.0,27.0,14.0"
657.0,"63.0,29.0,18.0,21.0,26.0,11.0,12.0,20.0,45.0,48.0"
658.0,"18.0,29.0,77.0,63.0,21.0,378.0,65.0,120.0,48.0,26.0"
659.0,"26.0,27.0,63.0,11.0,48.0,29.0,12.0,18.0,14.0,21.0"
660.0,"63.0,29.0,18.0,21.0,11.0,20.0,26.0,65.0,45.0,48.0"
661.0,"63.0,29.0,18.0,21.0,26.0,20.0,45.0,65.0,14.0,48.0"
662.0,"93.0,832.0,58.0,1268.0,104.0,1215.0,894.0,222.0,509.0,1572.0"
663.0,"27.0,26.0,63.0,48.0,14.0,29.0,84.0,45.0,21.0,18.0"
664.0,"63.0,29.0,18.0,21.0,26.0,84.0,20.0,45.0,27.0,48.0"
665.0,"6.0,48.0,26.0,11.0,29.0,18.0,27.0,65.0,21.0,63.0"
666.0,"104.0,196.0,28.0,27.0,1365.0,58.0,700.0,503.0,432.0,48.0"
667.0,"63.0,29.0,18.0,21.0,26.0,20.0,45.0,65.0,14.0,48.0"
668.0,"6.0,48.0,27.0,26.0,28.0,45.0,65.0,16.0,29.0,14.0"
669.0,"63.0,29.0,18.0,21.0,26.0,20.0,12.0,45.0,14.0,65.0"
670.0,"63.0,29.0,26.0,11.0,18.0,21.0,48.0,27.0,12.0,45.0"
671.0,"63.0,26.0,29.0,84.0,21.0,18.0,27.0,20.0,14.0,45.0"
672.0,"63.0,29.0,18.0,21.0,26.0,11.0,20.0,45.0,65.0,48.0"
673.0,"63.0,29.0,18.0,21.0,26.0,84.0,20.0,27.0,45.0,48.0"
674.0,"48.0,26.0,29.0,18.0,65.0,21.0,27.0,63.0,45.0,14.0"
675.0,"6.0,26.0,48.0,27.0,29.0,18.0,63.0,45.0,21.0,12.0"
676.0,"63.0,29.0,18.0,21.0,84.0,20.0,26.0,11.0,12.0,45.0"
677.0,"27.0,66.0,64.0,28.0,58.0,61.0,37.0,93.0,91.0,83.0"
678.0,"63.0,29.0,18.0,21.0,11.0,26.0,20.0,84.0,65.0,45.0"
679.0,"63.0,29.0,18.0,21.0,84.0,20.0,26.0,12.0,45.0,65.0"
680.0,"63.0,29.0,18.0,21.0,11.0,20.0,2.0,84.0,65.0,26.0"
681.0,"63.0,29.0,18.0,21.0,20.0,26.0,84.0,65.0,45.0,48.0"
682.0,"63.0,29.0,18.0,21.0,20.0,84.0,26.0,12.0,65.0,45.0"
683.0,"63.0,29.0,18.0,21.0,20.0,84.0,26.0,12.0,65.0,45.0"
684.0,"63.0,29.0,18.0,21.0,26.0,84.0,20.0,12.0,45.0,65.0"
685.0,"63.0,29.0,18.0,21.0,26.0,20.0,45.0,65.0,14.0,48.0"
686.0,"63.0,29.0,18.0,21.0,11.0,20.0,84.0,26.0,12.0,65.0"
687.0,"6.0,48.0,26.0,27.0,11.0,29.0,45.0,18.0,65.0,28.0"
688.0,"63.0,29.0,18.0,21.0,26.0,11.0,84.0,12.0,20.0,45.0"
689.0,"63.0,29.0,18.0,21.0,11.0,26.0,84.0,20.0,12.0,65.0"
690.0,"6.0,53.0,120.0,77.0,18.0,29.0,65.0,11.0,48.0,21.0"
691.0,"63.0,26.0,29.0,84.0,21.0,18.0,11.0,27.0,20.0,14.0"
692.0,"120.0,92.0,266.0,143.0,503.0,460.0,88.0,1365.0,79.0,1073.0"
693.0,"63.0,29.0,18.0,21.0,84.0,20.0,26.0,12.0,45.0,65.0"
694.0,"63.0,18.0,29.0,21.0,77.0,65.0,2.0,11.0,3.0,6.0"
695.0,"63.0,29.0,18.0,21.0,26.0,84.0,12.0,20.0,45.0,27.0"
696.0,"63.0,29.0,18.0,21.0,20.0,84.0,11.0,26.0,65.0,45.0"
697.0,"63.0,29.0,18.0,21.0,84.0,26.0,20.0,11.0,12.0,45.0"
698.0,"63.0,29.0,18.0,21.0,11.0,20.0,26.0,84.0,12.0,65.0"
699.0,"93.0,832.0,1268.0,58.0,1215.0,104.0,894.0,222.0,264.0,1732.0"
700.0,"63.0,29.0,18.0,21.0,11.0,26.0,84.0,20.0,12.0,65.0"
701.0,"63.0,29.0,21.0,18.0,84.0,26.0,20.0,12.0,14.0,45.0"
702.0,"6.0,48.0,26.0,11.0,27.0,45.0,29.0,65.0,28.0,18.0"
703.0,"63.0,26.0,29.0,27.0,12.0,11.0,21.0,84.0,18.0,20.0"
704.0,"63.0,29.0,18.0,21.0,20.0,26.0,84.0,65.0,2.0,45.0"
705.0,"18.0,29.0,77.0,65.0,21.0,63.0,48.0,53.0,26.0,45.0"
706.0,"63.0,29.0,18.0,21.0,26.0,84.0,12.0,20.0,45.0,27.0"
707.0,"63.0,29.0,18.0,21.0,11.0,26.0,20.0,84.0,12.0,65.0"
708.0,"63.0,29.0,18.0,21.0,26.0,11.0,84.0,12.0,20.0,45.0"
709.0,"63.0,29.0,18.0,21.0,26.0,11.0,84.0,12.0,20.0,45.0"
710.0,"63.0,29.0,18.0,21.0,26.0,12.0,84.0,20.0,27.0,48.0"
711.0,"63.0,29.0,18.0,21.0,26.0,11.0,20.0,45.0,65.0,14.0"
712.0,"6.0,27.0,48.0,26.0,11.0,45.0,29.0,18.0,12.0,14.0"
713.0,"63.0,29.0,18.0,21.0,26.0,65.0,20.0,84.0,6.0,45.0"
714.0,"63.0,29.0,18.0,21.0,26.0,65.0,6.0,20.0,48.0,45.0"
715.0,"63.0,29.0,18.0,26.0,21.0,84.0,48.0,27.0,20.0,45.0"
716.0,"63.0,29.0,18.0,21.0,20.0,26.0,65.0,45.0,48.0,14.0"
717.0,"63.0,84.0,29.0,20.0,21.0,26.0,18.0,11.0,27.0,14.0"
718.0,"63.0,29.0,18.0,21.0,11.0,65.0,77.0,6.0,3.0,26.0"
719.0,"63.0,26.0,29.0,18.0,21.0,27.0,48.0,20.0,45.0,14.0"
720.0,"63.0,29.0,18.0,21.0,26.0,11.0,84.0,20.0,12.0,45.0"
721.0,"63.0,27.0,26.0,84.0,12.0,14.0,20.0,66.0,11.0,29.0"
722.0,"63.0,29.0,26.0,18.0,21.0,11.0,12.0,84.0,20.0,27.0"
723.0,"63.0,29.0,18.0,21.0,26.0,11.0,84.0,20.0,45.0,65.0"
724.0,"63.0,29.0,18.0,21.0,26.0,12.0,20.0,45.0,14.0,65.0"
725.0,"63.0,26.0,27.0,29.0,84.0,12.0,21.0,11.0,18.0,20.0"
726.0,"6.0,48.0,26.0,27.0,28.0,53.0,65.0,45.0,29.0,18.0"
727.0,"63.0,29.0,18.0,21.0,65.0,26.0,6.0,20.0,48.0,45.0"
728.0,"63.0,29.0,18.0,21.0,26.0,84.0,20.0,12.0,65.0,45.0"
729.0,"63.0,29.0,18.0,21.0,26.0,84.0,20.0,45.0,65.0,14.0"
730.0,"63.0,26.0,29.0,27.0,18.0,12.0,21.0,84.0,48.0,14.0"
731.0,"58.0,104.0,832.0,93.0,700.0,1268.0,1215.0,196.0,1365.0,28.0"
732.0,"63.0,29.0,18.0,21.0,26.0,84.0,20.0,65.0,45.0,48.0"
733.0,"63.0,29.0,18.0,21.0,26.0,84.0,11.0,12.0,20.0,27.0"
734.0,"63.0,29.0,18.0,21.0,26.0,20.0,84.0,65.0,45.0,48.0"
735.0,"27.0,48.0,26.0,28.0,45.0,14.0,65.0,29.0,16.0,18.0"
736.0,"63.0,29.0,18.0,21.0,84.0,26.0,11.0,20.0,45.0,65.0"
737.0,"63.0,29.0,18.0,21.0,26.0,84.0,20.0,65.0,45.0,48.0"
738.0,"63.0,29.0,18.0,21.0,26.0,11.0,84.0,12.0,20.0,45.0"
739.0,"63.0,29.0,21.0,18.0,84.0,26.0,20.0,11.0,14.0,27.0"
740.0,"63.0,29.0,18.0,21.0,20.0,26.0,65.0,45.0,14.0,48.0"
741.0,"63.0,29.0,18.0,21.0,26.0,84.0,11.0,20.0,45.0,14.0"
742.0,"63.0,29.0,26.0,18.0,21.0,11.0,84.0,27.0,20.0,48.0"
743.0,"63.0,29.0,18.0,21.0,26.0,84.0,20.0,12.0,45.0,65.0"
744.0,"63.0,29.0,18.0,21.0,26.0,84.0,20.0,12.0,45.0,65.0"
745.0,"63.0,29.0,18.0,21.0,26.0,84.0,20.0,45.0,14.0,65.0"
746.0,"1365.0,503.0,432.0,104.0,92.0,143.0,196.0,88.0,947.0,234.0"
747.0,"120.0,77.0,18.0,29.0,65.0,21.0,53.0,63.0,11.0,378.0"
748.0,"63.0,29.0,18.0,21.0,26.0,84.0,12.0,20.0,27.0,45.0"
749.0,"63.0,29.0,18.0,21.0,26.0,11.0,84.0,20.0,12.0,45.0"
750.0,"63.0,29.0,18.0,21.0,11.0,26.0,20.0,65.0,45.0,14.0"
751.0,"63.0,29.0,18.0,21.0,11.0,26.0,65.0,12.0,20.0,6.0"
752.0,"63.0,29.0,18.0,21.0,11.0,26.0,84.0,20.0,12.0,65.0"
753.0,"27.0,26.0,63.0,14.0,48.0,84.0,29.0,45.0,21.0,25.0"
754.0,"63.0,26.0,29.0,27.0,18.0,21.0,48.0,12.0,6.0,45.0"
755.0,"63.0,29.0,26.0,21.0,18.0,11.0,12.0,84.0,20.0,27.0"
756.0,"63.0,29.0,18.0,21.0,11.0,26.0,84.0,20.0,65.0,45.0"
757.0,"63.0,26.0,29.0,84.0,21.0,18.0,27.0,20.0,14.0,45.0"
758.0,"63.0,29.0,18.0,21.0,26.0,84.0,20.0,45.0,27.0,48.0"
759.0,"63.0,84.0,20.0,29.0,21.0,18.0,12.0,66.0,26.0,14.0"
760.0,"63.0,29.0,18.0,21.0,26.0,84.0,20.0,45.0,65.0,14.0"
761.0,"378.0,120.0,608.0,706.0,292.0,774.0,259.0,573.0,1692.0,415.0"
762.0,"63.0,29.0,18.0,21.0,26.0,20.0,12.0,65.0,45.0,14.0"
763.0,"63.0,29.0,18.0,21.0,26.0,84.0,12.0,20.0,45.0,65.0"
764.0,"63.0,29.0,18.0,21.0,11.0,20.0,84.0,26.0,65.0,45.0"
765.0,"63.0,26.0,29.0,21.0,12.0,84.0,18.0,27.0,20.0,14.0"
766.0,"63.0,29.0,18.0,21.0,26.0,84.0,20.0,12.0,65.0,45.0"
767.0,"63.0,29.0,18.0,21.0,26.0,11.0,84.0,20.0,12.0,45.0"
768.0,"120.0,6.0,53.0,234.0,77.0,18.0,29.0,48.0,65.0,11.0"
769.0,"63.0,29.0,18.0,21.0,26.0,84.0,20.0,12.0,45.0,65.0"
770.0,"63.0,29.0,18.0,21.0,26.0,84.0,12.0,20.0,45.0,14.0"
771.0,"63.0,29.0,18.0,21.0,26.0,11.0,12.0,84.0,20.0,45.0"
772.0,"63.0,26.0,29.0,84.0,27.0,21.0,11.0,18.0,20.0,14.0"
773.0,"63.0,29.0,18.0,21.0,11.0,20.0,84.0,26.0,12.0,65.0"
774.0,"27.0,6.0,48.0,26.0,45.0,28.0,29.0,12.0,14.0,18.0"
775.0,"58.0,832.0,93.0,104.0,1268.0,1215.0,700.0,894.0,222.0,861.0"
776.0,"120.0,266.0,119.0,615.0,1023.0,53.0,1073.0,92.0,176.0,398.0"
777.0,"63.0,29.0,18.0,21.0,11.0,26.0,84.0,20.0,65.0,45.0"
778.0,"63.0,29.0,18.0,26.0,6.0,48.0,21.0,65.0,12.0,27.0"
779.0,"6.0,196.0,48.0,53.0,28.0,503.0,92.0,1365.0,460.0,27.0"
780.0,"27.0,48.0,26.0,28.0,45.0,14.0,25.0,16.0,87.0,65.0"
781.0,"63.0,29.0,18.0,21.0,11.0,26.0,12.0,20.0,65.0,48.0"
782.0,"63.0,29.0,18.0,21.0,84.0,26.0,20.0,45.0,65.0,14.0"
783.0,"6.0,48.0,11.0,53.0,26.0,65.0,18.0,29.0,27.0,45.0"
784.0,"63.0,29.0,18.0,21.0,11.0,26.0,20.0,65.0,45.0,48.0"
785.0,"63.0,29.0,26.0,18.0,21.0,11.0,84.0,20.0,27.0,48.0"
786.0,"63.0,29.0,18.0,21.0,11.0,20.0,26.0,84.0,12.0,65.0"
787.0,"63.0,29.0,18.0,21.0,84.0,26.0,20.0,65.0,45.0,14.0"
788.0,"48.0,11.0,18.0,29.0,65.0,26.0,21.0,77.0,53.0,45.0"
789.0,"63.0,29.0,18.0,21.0,26.0,84.0,20.0,45.0,14.0,65.0"
790.0,"63.0,29.0,18.0,21.0,26.0,20.0,45.0,27.0,14.0,48.0"
791.0,"63.0,29.0,18.0,21.0,26.0,84.0,12.0,20.0,45.0,65.0"
792.0,"27.0,28.0,48.0,26.0,45.0,16.0,14.0,87.0,196.0,12.0"
793.0,"63.0,29.0,18.0,21.0,26.0,84.0,20.0,65.0,45.0,48.0"
794.0,"63.0,29.0,18.0,21.0,26.0,84.0,20.0,45.0,27.0,14.0"
795.0,"63.0,29.0,26.0,18.0,21.0,20.0,27.0,45.0,14.0,48.0"
796.0,"63.0,29.0,18.0,21.0,26.0,11.0,84.0,12.0,20.0,45.0"
797.0,"63.0,29.0,18.0,21.0,20.0,11.0,26.0,65.0,2.0,45.0"
798.0,"1365.0,1020.0,120.0,432.0,947.0,167.0,169.0,503.0,288.0,401.0"
799.0,"63.0,29.0,18.0,21.0,84.0,20.0,11.0,26.0,12.0,65.0"
800.0,"63.0,29.0,18.0,21.0,26.0,84.0,20.0,45.0,14.0,65.0"
801.0,"63.0,29.0,18.0,21.0,26.0,11.0,84.0,12.0,20.0,45.0"
802.0,"63.0,29.0,18.0,21.0,26.0,11.0,84.0,12.0,20.0,45.0"
803.0,"63.0,29.0,18.0,21.0,26.0,84.0,11.0,20.0,12.0,45.0"
804.0,"63.0,26.0,29.0,11.0,18.0,21.0,27.0,48.0,12.0,6.0"
805.0,"26.0,6.0,48.0,11.0,27.0,29.0,63.0,18.0,21.0,45.0"
806.0,"63.0,29.0,18.0,21.0,26.0,11.0,84.0,12.0,20.0,45.0"
807.0,"27.0,48.0,26.0,28.0,45.0,14.0,12.0,29.0,65.0,18.0"
808.0,"63.0,29.0,26.0,18.0,21.0,48.0,27.0,12.0,45.0,65.0"
809.0,"26.0,6.0,48.0,11.0,27.0,29.0,63.0,18.0,21.0,45.0"
810.0,"63.0,29.0,18.0,21.0,11.0,26.0,20.0,65.0,45.0,14.0"
811.0,"63.0,29.0,18.0,21.0,26.0,11.0,84.0,12.0,20.0,45.0"
812.0,"63.0,29.0,18.0,21.0,11.0,6.0,65.0,26.0,48.0,77.0"
813.0,"63.0,29.0,18.0,21.0,84.0,20.0,11.0,26.0,12.0,45.0"
814.0,"63.0,29.0,18.0,21.0,26.0,11.0,20.0,45.0,48.0,14.0"
815.0,"63.0,29.0,18.0,21.0,26.0,12.0,20.0,65.0,48.0,45.0"
816.0,"63.0,29.0,18.0,21.0,26.0,11.0,84.0,20.0,27.0,45.0"
817.0,"27.0,48.0,26.0,28.0,45.0,14.0,25.0,65.0,87.0,29.0"
818.0,"63.0,29.0,18.0,21.0,26.0,84.0,20.0,45.0,65.0,48.0"
819.0,"6.0,18.0,29.0,77.0,48.0,65.0,53.0,21.0,26.0,63.0"
820.0,"63.0,29.0,18.0,21.0,26.0,84.0,11.0,12.0,20.0,45.0"
821.0,"63.0,29.0,21.0,18.0,84.0,20.0,12.0,26.0,11.0,14.0"
822.0,"63.0,29.0,18.0,21.0,11.0,26.0,84.0,20.0,12.0,65.0"
823.0,"63.0,29.0,18.0,21.0,26.0,84.0,20.0,65.0,45.0,14.0"
824.0,"104.0,1365.0,58.0,432.0,503.0,696.0,196.0,700.0,1279.0,832.0"
825.0,"6.0,48.0,26.0,27.0,11.0,29.0,45.0,18.0,65.0,12.0"
826.0,"63.0,29.0,18.0,21.0,26.0,11.0,20.0,45.0,14.0,65.0"
827.0,"63.0,29.0,18.0,21.0,26.0,11.0,84.0,20.0,12.0,45.0"
828.0,"63.0,29.0,18.0,21.0,11.0,26.0,20.0,84.0,65.0,45.0"
829.0,"63.0,29.0,18.0,21.0,26.0,84.0,20.0,12.0,45.0,14.0"
830.0,"63.0,29.0,18.0,21.0,26.0,11.0,12.0,84.0,20.0,45.0"
831.0,"6.0,18.0,29.0,11.0,48.0,65.0,26.0,21.0,77.0,63.0"
832.0,"63.0,29.0,18.0,21.0,11.0,26.0,20.0,84.0,12.0,65.0"
833.0,"63.0,29.0,18.0,21.0,26.0,11.0,84.0,12.0,20.0,27.0"
834.0,"63.0,29.0,18.0,21.0,11.0,26.0,84.0,20.0,12.0,65.0"
835.0,"63.0,29.0,18.0,21.0,26.0,84.0,20.0,12.0,45.0,65.0"
836.0,"104.0,1365.0,503.0,196.0,432.0,92.0,88.0,143.0,460.0,28.0"
837.0,"63.0,29.0,26.0,18.0,21.0,11.0,12.0,84.0,27.0,20.0"
838.0,"63.0,29.0,21.0,18.0,26.0,84.0,20.0,27.0,14.0,45.0"
839.0,"63.0,29.0,18.0,21.0,26.0,20.0,12.0,84.0,65.0,45.0"
840.0,"63.0,29.0,18.0,21.0,26.0,84.0,20.0,65.0,45.0,48.0"
841.0,"63.0,29.0,18.0,21.0,84.0,26.0,20.0,12.0,65.0,45.0"
842.0,"63.0,29.0,18.0,21.0,26.0,20.0,45.0,65.0,48.0,14.0"
843.0,"63.0,29.0,18.0,21.0,26.0,11.0,84.0,20.0,12.0,45.0"
844.0,"63.0,29.0,18.0,21.0,11.0,20.0,26.0,84.0,12.0,65.0"
845.0,"63.0,29.0,18.0,21.0,26.0,11.0,20.0,45.0,65.0,14.0"
846.0,"63.0,29.0,18.0,21.0,2.0,65.0,20.0,77.0,26.0,3.0"
847.0,"93.0,1215.0,832.0,66.0,895.0,1250.0,1572.0,58.0,1268.0,439.0"
848.0,"18.0,29.0,63.0,21.0,6.0,77.0,65.0,48.0,26.0,3.0"
849.0,"63.0,29.0,18.0,21.0,26.0,11.0,84.0,12.0,20.0,27.0"
850.0,"63.0,29.0,18.0,21.0,26.0,84.0,20.0,12.0,65.0,45.0"
851.0,"63.0,29.0,18.0,21.0,26.0,20.0,45.0,14.0,48.0,65.0"
852.0,"27.0,28.0,48.0,26.0,64.0,87.0,61.0,14.0,196.0,25.0"
853.0,"63.0,29.0,18.0,21.0,26.0,11.0,84.0,12.0,20.0,45.0"
854.0,"63.0,29.0,26.0,21.0,18.0,84.0,20.0,27.0,14.0,45.0"
855.0,"27.0,66.0,64.0,28.0,58.0,93.0,832.0,7.0,61.0,37.0"
856.0,"63.0,29.0,18.0,21.0,84.0,26.0,11.0,20.0,12.0,45.0"
857.0,"63.0,29.0,18.0,21.0,11.0,26.0,20.0,84.0,12.0,65.0"
858.0,"18.0,29.0,63.0,77.0,21.0,65.0,6.0,11.0,3.0,2.0"
859.0,"63.0,29.0,18.0,21.0,26.0,20.0,84.0,65.0,45.0,48.0"
860.0,"63.0,29.0,18.0,21.0,26.0,20.0,84.0,12.0,65.0,45.0"
861.0,"63.0,29.0,18.0,21.0,26.0,11.0,84.0,12.0,20.0,45.0"
862.0,"18.0,77.0,29.0,63.0,120.0,21.0,378.0,65.0,6.0,3.0"
863.0,"63.0,29.0,18.0,21.0,26.0,11.0,84.0,20.0,45.0,65.0"
864.0,"63.0,29.0,18.0,21.0,26.0,84.0,20.0,45.0,48.0,27.0"
865.0,"63.0,29.0,18.0,21.0,26.0,11.0,20.0,45.0,65.0,14.0"
866.0,"63.0,29.0,18.0,21.0,26.0,11.0,84.0,20.0,45.0,65.0"
867.0,"63.0,29.0,18.0,21.0,26.0,20.0,65.0,45.0,14.0,48.0"
868.0,"63.0,29.0,18.0,21.0,26.0,20.0,84.0,65.0,45.0,48.0"
869.0,"63.0,29.0,18.0,21.0,11.0,26.0,20.0,12.0,65.0,45.0"
870.0,"63.0,29.0,18.0,21.0,2.0,65.0,20.0,77.0,3.0,84.0"
871.0,"63.0,29.0,18.0,21.0,20.0,26.0,65.0,45.0,14.0,48.0"
872.0,"27.0,63.0,26.0,66.0,84.0,12.0,14.0,25.0,20.0,11.0"
873.0,"63.0,29.0,18.0,21.0,26.0,84.0,20.0,12.0,65.0,45.0"
874.0,"63.0,29.0,26.0,18.0,21.0,20.0,27.0,14.0,48.0,45.0"
875.0,"27.0,26.0,48.0,6.0,28.0,11.0,14.0,45.0,25.0,87.0"
876.0,"63.0,29.0,18.0,21.0,11.0,26.0,84.0,20.0,65.0,45.0"
877.0,"63.0,29.0,18.0,21.0,11.0,26.0,84.0,20.0,12.0,65.0"
878.0,"18.0,29.0,11.0,48.0,65.0,77.0,21.0,26.0,53.0,63.0"
879.0,"63.0,29.0,18.0,21.0,20.0,26.0,65.0,45.0,2.0,48.0"
880.0,"63.0,29.0,18.0,21.0,26.0,11.0,48.0,84.0,20.0,6.0"
881.0,"63.0,29.0,18.0,21.0,26.0,11.0,84.0,12.0,20.0,45.0"
882.0,"63.0,29.0,18.0,21.0,11.0,26.0,20.0,84.0,12.0,65.0"
883.0,"63.0,29.0,21.0,26.0,84.0,18.0,12.0,20.0,27.0,14.0"
884.0,"63.0,29.0,18.0,21.0,11.0,26.0,20.0,84.0,12.0,65.0"
885.0,"63.0,29.0,18.0,21.0,11.0,20.0,84.0,26.0,12.0,65.0"
886.0,"63.0,29.0,18.0,21.0,26.0,11.0,84.0,20.0,45.0,65.0"
887.0,"6.0,48.0,26.0,27.0,29.0,45.0,18.0,65.0,28.0,12.0"
888.0,"63.0,29.0,18.0,21.0,20.0,84.0,26.0,65.0,45.0,48.0"
889.0,"63.0,29.0,18.0,21.0,11.0,65.0,6.0,77.0,26.0,2.0"
890.0,"63.0,29.0,18.0,21.0,26.0,11.0,20.0,45.0,65.0,48.0"
891.0,"58.0,93.0,832.0,104.0,1268.0,1215.0,894.0,700.0,222.0,861.0"
892.0,"63.0,29.0,18.0,21.0,26.0,11.0,12.0,84.0,20.0,45.0"
893.0,"104.0,1365.0,503.0,196.0,432.0,92.0,88.0,143.0,28.0,460.0"
894.0,"63.0,29.0,18.0,21.0,20.0,26.0,84.0,12.0,65.0,45.0"
895.0,"63.0,29.0,18.0,21.0,26.0,11.0,84.0,12.0,20.0,45.0"
896.0,"63.0,29.0,18.0,21.0,26.0,20.0,45.0,14.0,65.0,48.0"
897.0,"63.0,29.0,18.0,21.0,11.0,20.0,84.0,26.0,65.0,45.0"
898.0,"66.0,27.0,63.0,84.0,83.0,64.0,14.0,12.0,25.0,20.0"
899.0,"63.0,29.0,18.0,21.0,84.0,26.0,20.0,11.0,45.0,65.0"
900.0,"63.0,29.0,18.0,21.0,26.0,20.0,65.0,45.0,48.0,14.0"
901.0,"63.0,29.0,18.0,21.0,26.0,84.0,11.0,20.0,12.0,45.0"
902.0,"63.0,29.0,18.0,21.0,84.0,11.0,20.0,26.0,65.0,45.0"
903.0,"63.0,29.0,18.0,21.0,26.0,11.0,84.0,20.0,45.0,65.0"
904.0,"63.0,29.0,18.0,21.0,20.0,84.0,11.0,12.0,26.0,65.0"
905.0,"63.0,26.0,29.0,21.0,84.0,18.0,27.0,20.0,14.0,45.0"
906.0,"63.0,29.0,18.0,21.0,26.0,20.0,84.0,12.0,65.0,45.0"
907.0,"63.0,29.0,18.0,21.0,26.0,84.0,20.0,65.0,45.0,48.0"
908.0,"6.0,48.0,26.0,11.0,27.0,29.0,65.0,18.0,45.0,28.0"
909.0,"63.0,29.0,18.0,21.0,26.0,20.0,65.0,45.0,14.0,48.0"
910.0,"378.0,63.0,2.0,18.0,29.0,21.0,77.0,774.0,706.0,608.0"
911.0,"63.0,29.0,18.0,21.0,11.0,26.0,20.0,84.0,65.0,45.0"
912.0,"63.0,26.0,27.0,29.0,18.0,48.0,12.0,21.0,45.0,14.0"
913.0,"63.0,29.0,18.0,21.0,26.0,84.0,20.0,65.0,45.0,48.0"
914.0,"63.0,29.0,18.0,21.0,26.0,84.0,20.0,45.0,65.0,14.0"
915.0,"63.0,29.0,18.0,21.0,11.0,20.0,84.0,26.0,12.0,65.0"
916.0,"63.0,29.0,18.0,21.0,26.0,11.0,12.0,84.0,20.0,45.0"
917.0,"63.0,29.0,18.0,21.0,11.0,26.0,20.0,65.0,45.0,48.0"
918.0,"63.0,29.0,18.0,21.0,26.0,84.0,11.0,20.0,45.0,14.0"
919.0,"6.0,48.0,11.0,29.0,18.0,26.0,65.0,21.0,45.0,63.0"
920.0,"63.0,29.0,18.0,21.0,26.0,84.0,20.0,12.0,45.0,65.0"
921.0,"63.0,29.0,18.0,21.0,26.0,20.0,45.0,65.0,14.0,48.0"
922.0,"27.0,28.0,48.0,64.0,26.0,6.0,61.0,87.0,14.0,25.0"
923.0,"63.0,29.0,18.0,21.0,26.0,84.0,11.0,20.0,12.0,45.0"
924.0,"104.0,1365.0,196.0,503.0,432.0,92.0,28.0,88.0,6.0,143.0"
925.0,"63.0,29.0,18.0,21.0,26.0,84.0,12.0,20.0,27.0,45.0"
926.0,"63.0,29.0,18.0,26.0,21.0,12.0,48.0,6.0,45.0,27.0"
927.0,"63.0,29.0,18.0,21.0,26.0,11.0,84.0,20.0,12.0,45.0"
928.0,"63.0,29.0,18.0,21.0,26.0,20.0,45.0,14.0,65.0,48.0"
929.0,"63.0,29.0,18.0,21.0,26.0,11.0,84.0,20.0,12.0,45.0"
930.0,"63.0,29.0,18.0,21.0,84.0,26.0,20.0,65.0,45.0,14.0"
931.0,"63.0,29.0,18.0,21.0,26.0,84.0,20.0,45.0,65.0,14.0"
932.0,"63.0,29.0,18.0,21.0,26.0,11.0,12.0,84.0,20.0,45.0"
933.0,"63.0,29.0,18.0,21.0,20.0,11.0,84.0,12.0,26.0,65.0"
934.0,"27.0,66.0,64.0,28.0,26.0,7.0,14.0,25.0,83.0,61.0"
935.0,"26.0,63.0,6.0,29.0,48.0,18.0,27.0,21.0,45.0,65.0"
936.0,"63.0,29.0,18.0,21.0,11.0,26.0,84.0,20.0,12.0,65.0"
937.0,"63.0,29.0,18.0,21.0,26.0,11.0,84.0,20.0,12.0,45.0"
938.0,"27.0,26.0,48.0,6.0,28.0,11.0,14.0,45.0,25.0,87.0"
939.0,"63.0,29.0,18.0,21.0,26.0,11.0,12.0,84.0,20.0,45.0"
940.0,"63.0,29.0,18.0,21.0,26.0,20.0,84.0,12.0,65.0,45.0"
941.0,"27.0,66.0,26.0,64.0,7.0,14.0,25.0,83.0,28.0,48.0"
942.0,"18.0,29.0,77.0,63.0,21.0,65.0,11.0,48.0,26.0,45.0"
943.0,"63.0,29.0,18.0,21.0,26.0,84.0,11.0,20.0,12.0,45.0"
944.0,"63.0,29.0,18.0,21.0,26.0,84.0,20.0,65.0,45.0,48.0"
945.0,"63.0,29.0,18.0,21.0,26.0,20.0,12.0,45.0,14.0,65.0"
946.0,"6.0,29.0,18.0,48.0,26.0,63.0,21.0,65.0,45.0,27.0"
947.0,"63.0,29.0,21.0,18.0,26.0,20.0,27.0,14.0,45.0,48.0"
948.0,"63.0,29.0,18.0,21.0,11.0,20.0,26.0,65.0,45.0,48.0"
949.0,"63.0,29.0,18.0,21.0,20.0,84.0,26.0,65.0,45.0,48.0"
950.0,"63.0,29.0,18.0,21.0,26.0,20.0,84.0,65.0,45.0,48.0"
951.0,"63.0,29.0,18.0,21.0,20.0,84.0,26.0,65.0,45.0,2.0"
952.0,"63.0,29.0,18.0,21.0,84.0,20.0,26.0,65.0,45.0,14.0"
953.0,"63.0,29.0,18.0,21.0,26.0,11.0,84.0,12.0,20.0,45.0"
954.0,"63.0,29.0,18.0,21.0,26.0,84.0,12.0,20.0,27.0,45.0"
955.0,"63.0,29.0,18.0,21.0,26.0,11.0,84.0,12.0,20.0,45.0"
956.0,"63.0,29.0,18.0,21.0,26.0,11.0,84.0,20.0,12.0,45.0"
957.0,"26.0,6.0,27.0,48.0,29.0,18.0,45.0,63.0,12.0,21.0"
958.0,"29.0,18.0,63.0,21.0,48.0,65.0,26.0,45.0,77.0,27.0"
959.0,"63.0,29.0,18.0,21.0,26.0,84.0,12.0,20.0,45.0,65.0"
960.0,"63.0,29.0,18.0,21.0,11.0,20.0,84.0,26.0,65.0,45.0"
961.0,"6.0,18.0,29.0,77.0,11.0,65.0,21.0,63.0,48.0,26.0"
962.0,"27.0,28.0,64.0,66.0,58.0,61.0,37.0,91.0,83.0,87.0"
963.0,"63.0,29.0,18.0,21.0,26.0,11.0,12.0,84.0,20.0,45.0"
964.0,"63.0,26.0,27.0,12.0,29.0,48.0,14.0,21.0,84.0,18.0"
965.0,"63.0,29.0,18.0,21.0,26.0,84.0,20.0,45.0,65.0,48.0"
966.0,"63.0,29.0,18.0,21.0,20.0,84.0,26.0,65.0,45.0,14.0"
967.0,"28.0,27.0,104.0,196.0,48.0,6.0,26.0,64.0,87.0,61.0"
968.0,"63.0,29.0,18.0,21.0,26.0,11.0,84.0,20.0,12.0,45.0"
969.0,"63.0,29.0,18.0,21.0,11.0,26.0,20.0,84.0,12.0,65.0"
970.0,"104.0,196.0,1365.0,503.0,28.0,432.0,27.0,6.0,48.0,92.0"
971.0,"63.0,29.0,18.0,21.0,26.0,20.0,45.0,65.0,48.0,14.0"
972.0,"27.0,28.0,48.0,6.0,26.0,196.0,87.0,64.0,61.0,14.0"
973.0,"29.0,18.0,63.0,6.0,21.0,26.0,48.0,65.0,45.0,12.0"
974.0,"63.0,29.0,18.0,21.0,26.0,11.0,84.0,12.0,20.0,45.0"
975.0,"63.0,29.0,18.0,21.0,84.0,20.0,26.0,11.0,12.0,45.0"
976.0,"63.0,29.0,18.0,21.0,26.0,11.0,12.0,84.0,20.0,45.0"
977.0,"63.0,29.0,18.0,21.0,26.0,11.0,84.0,12.0,20.0,27.0"
978.0,"63.0,29.0,18.0,21.0,11.0,26.0,84.0,20.0,65.0,45.0"
979.0,"63.0,29.0,18.0,21.0,26.0,84.0,20.0,45.0,14.0,27.0"
980.0,"63.0,29.0,18.0,21.0,26.0,12.0,20.0,45.0,14.0,65.0"
981.0,"63.0,29.0,18.0,21.0,26.0,20.0,65.0,45.0,48.0,14.0"
982.0,"104.0,196.0,1365.0,28.0,503.0,27.0,432.0,48.0,700.0,58.0"
983.0,"63.0,29.0,18.0,21.0,26.0,11.0,84.0,20.0,12.0,45.0"
984.0,"63.0,29.0,18.0,21.0,26.0,20.0,45.0,65.0,48.0,14.0"
985.0,"63.0,29.0,18.0,21.0,26.0,84.0,20.0,12.0,45.0,65.0"
986.0,"27.0,26.0,14.0,12.0,48.0,63.0,25.0,11.0,84.0,45.0"
987.0,"29.0,18.0,63.0,21.0,65.0,48.0,26.0,77.0,45.0,20.0"
988.0,"63.0,29.0,18.0,21.0,26.0,65.0,20.0,48.0,45.0,14.0"
989.0,"63.0,29.0,26.0,21.0,18.0,84.0,20.0,27.0,14.0,45.0"
990.0,"63.0,29.0,18.0,21.0,20.0,11.0,84.0,26.0,12.0,65.0"
991.0,"63.0,26.0,29.0,27.0,11.0,21.0,18.0,20.0,14.0,48.0"
992.0,"63.0,29.0,18.0,21.0,11.0,84.0,20.0,26.0,12.0,65.0"
993.0,"63.0,29.0,18.0,21.0,26.0,84.0,20.0,12.0,65.0,45.0"
994.0,"63.0,29.0,18.0,21.0,26.0,84.0,20.0,12.0,11.0,14.0"
995.0,"63.0,29.0,18.0,21.0,26.0,20.0,65.0,45.0,48.0,14.0"
996.0,"63.0,29.0,18.0,21.0,84.0,20.0,11.0,26.0,65.0,45.0"
997.0,"6.0,29.0,18.0,11.0,63.0,48.0,26.0,21.0,65.0,45.0"
998.0,"63.0,29.0,18.0,21.0,11.0,84.0,20.0,26.0,12.0,65.0"
999.0,"1365.0,503.0,92.0,432.0,143.0,88.0,947.0,460.0,104.0,79.0"
1000.0,"63.0,29.0,18.0,21.0,26.0,20.0,45.0,65.0,48.0,14.0"
1001.0,"63.0,29.0,18.0,21.0,26.0,20.0,45.0,14.0,65.0,48.0"
1002.0,"6.0,48.0,53.0,26.0,27.0,28.0,65.0,45.0,18.0,29.0"
1003.0,"63.0,29.0,18.0,21.0,26.0,20.0,65.0,45.0,48.0,14.0"
1004.0,"63.0,29.0,18.0,21.0,84.0,20.0,26.0,11.0,45.0,65.0"
1005.0,"63.0,29.0,18.0,21.0,11.0,26.0,84.0,20.0,12.0,65.0"
1006.0,"63.0,29.0,18.0,21.0,26.0,84.0,20.0,45.0,65.0,14.0"
1007.0,"27.0,26.0,48.0,14.0,25.0,28.0,45.0,6.0,64.0,66.0"
1008.0,"63.0,29.0,18.0,21.0,26.0,65.0,12.0,20.0,6.0,48.0"
1009.0,"63.0,29.0,18.0,21.0,84.0,26.0,20.0,12.0,65.0,45.0"
1010.0,"6.0,48.0,53.0,28.0,27.0,26.0,11.0,196.0,460.0,92.0"
1011.0,"27.0,26.0,63.0,11.0,48.0,6.0,29.0,14.0,45.0,18.0"
1012.0,"63.0,29.0,18.0,21.0,11.0,26.0,84.0,20.0,12.0,65.0"
1013.0,"63.0,29.0,18.0,21.0,26.0,11.0,12.0,84.0,20.0,27.0"
1014.0,"63.0,29.0,18.0,21.0,26.0,20.0,84.0,12.0,65.0,45.0"
1015.0,"63.0,29.0,18.0,21.0,26.0,84.0,20.0,45.0,27.0,14.0"
1016.0,"18.0,29.0,6.0,63.0,21.0,11.0,65.0,77.0,48.0,26.0"
1017.0,"63.0,29.0,18.0,21.0,20.0,84.0,12.0,26.0,65.0,2.0"
1018.0,"63.0,29.0,18.0,21.0,26.0,11.0,84.0,20.0,12.0,45.0"
1019.0,"63.0,29.0,18.0,21.0,26.0,11.0,12.0,84.0,20.0,45.0"
1020.0,"63.0,29.0,18.0,21.0,26.0,11.0,84.0,20.0,12.0,45.0"
1021.0,"6.0,48.0,26.0,29.0,18.0,65.0,27.0,45.0,21.0,63.0"
1022.0,"63.0,26.0,84.0,29.0,12.0,21.0,27.0,20.0,18.0,14.0"
1023.0,"63.0,26.0,27.0,29.0,21.0,18.0,48.0,84.0,14.0,45.0"
1024.0,"18.0,29.0,65.0,48.0,21.0,63.0,77.0,26.0,45.0,12.0"
1025.0,"378.0,774.0,63.0,706.0,608.0,2.0,18.0,29.0,292.0,77.0"
1026.0,"63.0,29.0,18.0,21.0,26.0,11.0,84.0,20.0,45.0,65.0"
1027.0,"63.0,29.0,18.0,21.0,11.0,26.0,84.0,20.0,12.0,65.0"
1028.0,"63.0,29.0,18.0,21.0,11.0,26.0,84.0,20.0,12.0,65.0"
1029.0,"63.0,29.0,18.0,21.0,26.0,11.0,12.0,84.0,20.0,48.0"
1030.0,"63.0,29.0,18.0,21.0,26.0,20.0,84.0,65.0,45.0,48.0"
1031.0,"28.0,196.0,104.0,6.0,27.0,48.0,1365.0,26.0,503.0,53.0"
1032.0,"6.0,18.0,29.0,11.0,77.0,65.0,48.0,21.0,63.0,26.0"
1033.0,"63.0,29.0,18.0,21.0,11.0,84.0,20.0,26.0,12.0,65.0"
1034.0,"63.0,29.0,18.0,21.0,11.0,26.0,20.0,65.0,45.0,48.0"
1035.0,"63.0,29.0,18.0,21.0,26.0,11.0,84.0,20.0,12.0,45.0"
1036.0,"63.0,29.0,18.0,21.0,26.0,84.0,12.0,20.0,45.0,65.0"
1037.0,"63.0,29.0,18.0,21.0,11.0,20.0,84.0,26.0,12.0,65.0"
1038.0,"378.0,120.0,706.0,608.0,774.0,259.0,292.0,1692.0,415.0,573.0"
1039.0,"29.0,18.0,21.0,84.0,26.0,11.0,20.0,65.0,27.0,6.0"
1040.0,"63.0,29.0,18.0,21.0,11.0,26.0,12.0,48.0,6.0,20.0"
1041.0,"63.0,29.0,18.0,21.0,26.0,20.0,12.0,84.0,65.0,45.0"
1042.0,"63.0,29.0,18.0,21.0,26.0,11.0,84.0,12.0,20.0,45.0"
1043.0,"63.0,26.0,29.0,12.0,21.0,27.0,84.0,11.0,18.0,20.0"
1044.0,"63.0,29.0,18.0,21.0,26.0,84.0,11.0,20.0,12.0,45.0"
1045.0,"27.0,28.0,26.0,48.0,64.0,6.0,14.0,25.0,61.0,87.0"
1046.0,"63.0,29.0,18.0,21.0,26.0,12.0,20.0,45.0,14.0,48.0"
1047.0,"63.0,29.0,18.0,21.0,20.0,84.0,26.0,12.0,65.0,45.0"
1048.0,"63.0,29.0,18.0,21.0,26.0,84.0,11.0,20.0,45.0,65.0"
1049.0,"63.0,29.0,18.0,21.0,11.0,20.0,84.0,26.0,65.0,45.0"
1050.0,"63.0,29.0,18.0,21.0,26.0,20.0,27.0,45.0,48.0,14.0"
1051.0,"63.0,29.0,18.0,21.0,26.0,11.0,84.0,20.0,45.0,65.0"
1052.0,"63.0,29.0,26.0,18.0,21.0,12.0,84.0,20.0,27.0,14.0"
1053.0,"63.0,29.0,18.0,21.0,26.0,84.0,20.0,45.0,27.0,14.0"
1054.0,"63.0,29.0,18.0,21.0,26.0,11.0,84.0,12.0,20.0,65.0"
1055.0,"27.0,63.0,26.0,12.0,14.0,84.0,66.0,25.0,11.0,48.0"
1056.0,"63.0,29.0,18.0,21.0,84.0,20.0,26.0,12.0,65.0,45.0"
1057.0,"63.0,29.0,18.0,21.0,26.0,84.0,20.0,65.0,45.0,48.0"
1058.0,"63.0,29.0,18.0,21.0,11.0,20.0,84.0,26.0,12.0,65.0"
1059.0,"63.0,29.0,18.0,21.0,11.0,20.0,26.0,84.0,12.0,65.0"
1060.0,"63.0,29.0,18.0,21.0,84.0,26.0,20.0,11.0,14.0,45.0"
1061.0,"63.0,29.0,18.0,21.0,11.0,26.0,12.0,20.0,65.0,84.0"
1062.0,"63.0,29.0,18.0,21.0,11.0,26.0,84.0,20.0,65.0,45.0"
1063.0,"104.0,28.0,27.0,196.0,6.0,48.0,26.0,1365.0,16.0,503.0"
1064.0,"1365.0,104.0,432.0,503.0,947.0,696.0,169.0,143.0,318.0,401.0"
1065.0,"63.0,29.0,18.0,21.0,26.0,11.0,84.0,12.0,20.0,45.0"
1066.0,"63.0,29.0,18.0,21.0,11.0,84.0,26.0,20.0,12.0,65.0"
1067.0,"120.0,119.0,378.0,615.0,234.0,414.0,266.0,608.0,435.0,1023.0"
1068.0,"63.0,29.0,18.0,21.0,20.0,26.0,84.0,65.0,45.0,48.0"
1069.0,"63.0,29.0,18.0,21.0,77.0,65.0,6.0,20.0,26.0,48.0"
1070.0,"26.0,63.0,11.0,29.0,6.0,48.0,27.0,18.0,21.0,12.0"
1071.0,"63.0,29.0,18.0,21.0,20.0,84.0,26.0,12.0,65.0,45.0"
1072.0,"63.0,29.0,18.0,21.0,20.0,26.0,45.0,65.0,14.0,48.0"
1073.0,"63.0,29.0,18.0,21.0,26.0,20.0,12.0,45.0,65.0,14.0"
1074.0,"63.0,29.0,18.0,21.0,84.0,26.0,20.0,12.0,65.0,45.0"
1075.0,"63.0,29.0,18.0,21.0,20.0,84.0,26.0,12.0,65.0,45.0"
1076.0,"63.0,26.0,29.0,27.0,18.0,21.0,84.0,48.0,14.0,20.0"
1077.0,"63.0,29.0,18.0,21.0,26.0,20.0,27.0,14.0,45.0,48.0"
1078.0,"63.0,29.0,18.0,21.0,11.0,20.0,84.0,26.0,65.0,45.0"
1079.0,"63.0,29.0,26.0,18.0,11.0,21.0,48.0,27.0,6.0,45.0"
1080.0,"63.0,29.0,18.0,21.0,84.0,20.0,26.0,12.0,65.0,45.0"
1081.0,"63.0,29.0,18.0,21.0,11.0,26.0,20.0,12.0,65.0,45.0"
1082.0,"63.0,29.0,18.0,21.0,26.0,84.0,20.0,12.0,65.0,45.0"
1083.0,"6.0,48.0,28.0,53.0,27.0,196.0,26.0,11.0,460.0,16.0"
1084.0,"63.0,29.0,18.0,21.0,26.0,11.0,84.0,20.0,12.0,45.0"
1085.0,"63.0,29.0,18.0,21.0,26.0,84.0,20.0,45.0,14.0,27.0"
1086.0,"63.0,29.0,18.0,21.0,11.0,26.0,20.0,65.0,84.0,6.0"
1087.0,"27.0,26.0,48.0,6.0,14.0,12.0,45.0,63.0,28.0,25.0"
1088.0,"63.0,29.0,18.0,21.0,20.0,65.0,84.0,26.0,3.0,45.0"
1089.0,"63.0,29.0,18.0,21.0,26.0,11.0,20.0,45.0,65.0,14.0"
1090.0,"66.0,27.0,7.0,63.0,84.0,26.0,83.0,14.0,12.0,64.0"
1091.0,"63.0,29.0,18.0,21.0,84.0,26.0,20.0,12.0,65.0,45.0"
1092.0,"63.0,29.0,18.0,21.0,26.0,11.0,84.0,20.0,12.0,45.0"
1093.0,"63.0,29.0,18.0,21.0,11.0,26.0,12.0,20.0,84.0,65.0"
1094.0,"63.0,29.0,18.0,21.0,20.0,26.0,84.0,12.0,65.0,45.0"
1095.0,"63.0,29.0,18.0,21.0,20.0,84.0,26.0,65.0,45.0,14.0"
1096.0,"63.0,29.0,18.0,21.0,20.0,26.0,84.0,12.0,65.0,45.0"
1097.0,"63.0,29.0,18.0,21.0,84.0,26.0,11.0,20.0,12.0,45.0"
1098.0,"63.0,29.0,18.0,21.0,26.0,11.0,84.0,20.0,12.0,45.0"
1099.0,"63.0,29.0,18.0,21.0,26.0,84.0,20.0,45.0,65.0,48.0"
1100.0,"63.0,29.0,18.0,21.0,20.0,84.0,12.0,26.0,65.0,45.0"
1101.0,"63.0,29.0,18.0,21.0,20.0,84.0,26.0,65.0,45.0,48.0"
1102.0,"27.0,26.0,48.0,11.0,6.0,63.0,12.0,29.0,45.0,14.0"
1103.0,"63.0,29.0,18.0,21.0,26.0,11.0,84.0,12.0,20.0,45.0"
1104.0,"63.0,29.0,18.0,26.0,21.0,11.0,12.0,84.0,20.0,27.0"
1105.0,"63.0,29.0,18.0,21.0,84.0,26.0,20.0,12.0,45.0,65.0"
1106.0,"63.0,29.0,18.0,21.0,26.0,11.0,84.0,20.0,12.0,45.0"
1107.0,"63.0,29.0,18.0,21.0,26.0,84.0,11.0,20.0,12.0,45.0"
1108.0,"29.0,18.0,48.0,65.0,26.0,21.0,63.0,77.0,45.0,27.0"
1109.0,"63.0,29.0,18.0,21.0,11.0,26.0,20.0,65.0,48.0,45.0"
1110.0,"63.0,29.0,18.0,21.0,20.0,26.0,84.0,12.0,65.0,45.0"
1111.0,"63.0,29.0,18.0,21.0,26.0,11.0,84.0,20.0,12.0,45.0"
1112.0,"63.0,29.0,18.0,21.0,84.0,20.0,26.0,12.0,45.0,65.0"
1113.0,"63.0,29.0,18.0,21.0,26.0,11.0,84.0,20.0,12.0,45.0"
1114.0,"63.0,29.0,18.0,21.0,26.0,20.0,84.0,65.0,45.0,48.0"
1115.0,"63.0,29.0,18.0,21.0,26.0,20.0,84.0,65.0,45.0,48.0"
1116.0,"63.0,29.0,18.0,21.0,84.0,20.0,26.0,12.0,45.0,65.0"
1117.0,"63.0,29.0,18.0,21.0,11.0,26.0,84.0,20.0,12.0,65.0"
1118.0,"63.0,29.0,18.0,21.0,26.0,11.0,84.0,12.0,20.0,45.0"
1119.0,"63.0,29.0,18.0,21.0,84.0,20.0,26.0,12.0,65.0,45.0"
1120.0,"63.0,26.0,29.0,11.0,18.0,21.0,48.0,27.0,6.0,12.0"
1121.0,"63.0,29.0,18.0,21.0,26.0,20.0,84.0,65.0,45.0,48.0"
1122.0,"63.0,29.0,18.0,21.0,26.0,11.0,20.0,12.0,45.0,65.0"
1123.0,"378.0,774.0,706.0,1692.0,422.0,511.0,259.0,608.0,415.0,1602.0"
1124.0,"63.0,29.0,18.0,21.0,26.0,84.0,20.0,12.0,45.0,65.0"
1125.0,"63.0,29.0,18.0,21.0,20.0,84.0,26.0,12.0,65.0,45.0"
1126.0,"63.0,29.0,18.0,21.0,20.0,26.0,84.0,65.0,45.0,48.0"
1127.0,"63.0,29.0,18.0,21.0,26.0,84.0,11.0,20.0,45.0,14.0"
1128.0,"63.0,29.0,18.0,21.0,26.0,11.0,84.0,12.0,20.0,45.0"
1129.0,"63.0,29.0,18.0,21.0,26.0,84.0,20.0,45.0,14.0,27.0"
1130.0,"63.0,29.0,18.0,21.0,26.0,20.0,65.0,45.0,48.0,14.0"
1131.0,"378.0,774.0,706.0,1692.0,608.0,259.0,422.0,511.0,415.0,292.0"
1132.0,"63.0,29.0,18.0,21.0,26.0,20.0,84.0,65.0,48.0,45.0"
1133.0,"63.0,29.0,18.0,21.0,84.0,26.0,11.0,20.0,45.0,65.0"
1134.0,"63.0,29.0,18.0,21.0,26.0,11.0,84.0,12.0,20.0,27.0"
1135.0,"63.0,29.0,18.0,21.0,11.0,26.0,84.0,20.0,12.0,65.0"
1136.0,"63.0,29.0,18.0,11.0,26.0,21.0,6.0,48.0,12.0,65.0"
1137.0,"63.0,29.0,18.0,21.0,26.0,84.0,11.0,20.0,27.0,14.0"
1138.0,"120.0,119.0,414.0,1023.0,615.0,266.0,378.0,435.0,843.0,1020.0"
1139.0,"63.0,29.0,18.0,21.0,26.0,20.0,12.0,45.0,65.0,14.0"
1140.0,"104.0,1365.0,196.0,503.0,432.0,28.0,92.0,700.0,143.0,88.0"
1141.0,"63.0,29.0,18.0,21.0,26.0,11.0,84.0,20.0,12.0,45.0"
1142.0,"27.0,26.0,48.0,6.0,28.0,14.0,45.0,25.0,29.0,87.0"
1143.0,"63.0,26.0,29.0,27.0,11.0,18.0,21.0,84.0,48.0,14.0"
1144.0,"63.0,29.0,18.0,21.0,26.0,20.0,45.0,65.0,14.0,48.0"
1145.0,"63.0,29.0,18.0,21.0,26.0,11.0,84.0,20.0,12.0,45.0"
1146.0,"63.0,26.0,27.0,29.0,48.0,18.0,21.0,14.0,45.0,84.0"
1147.0,"63.0,29.0,18.0,21.0,84.0,20.0,11.0,12.0,45.0,14.0"
1148.0,"63.0,29.0,18.0,21.0,26.0,20.0,65.0,45.0,14.0,48.0"
1149.0,"63.0,29.0,18.0,21.0,11.0,20.0,84.0,26.0,12.0,65.0"
1150.0,"63.0,29.0,18.0,21.0,26.0,20.0,45.0,65.0,14.0,48.0"
1151.0,"63.0,29.0,18.0,21.0,26.0,11.0,84.0,20.0,12.0,45.0"
1152.0,"63.0,29.0,18.0,21.0,20.0,84.0,26.0,65.0,45.0,48.0"
1153.0,"63.0,29.0,18.0,21.0,26.0,84.0,11.0,20.0,27.0,14.0"
1154.0,"63.0,29.0,18.0,21.0,84.0,20.0,26.0,12.0,65.0,45.0"
1155.0,"63.0,29.0,18.0,21.0,20.0,11.0,26.0,65.0,45.0,14.0"
1156.0,"6.0,48.0,26.0,11.0,29.0,27.0,18.0,63.0,21.0,45.0"
1157.0,"63.0,29.0,18.0,21.0,26.0,84.0,12.0,20.0,27.0,45.0"
1158.0,"48.0,11.0,26.0,53.0,65.0,27.0,18.0,29.0,45.0,28.0"
1159.0,"63.0,29.0,18.0,21.0,26.0,12.0,20.0,65.0,48.0,45.0"
1160.0,"63.0,29.0,18.0,21.0,26.0,11.0,84.0,12.0,20.0,45.0"
1161.0,"63.0,29.0,18.0,21.0,26.0,84.0,12.0,20.0,45.0,14.0"
1162.0,"63.0,29.0,18.0,21.0,11.0,26.0,20.0,65.0,45.0,48.0"
1163.0,"63.0,29.0,18.0,21.0,11.0,20.0,84.0,26.0,12.0,65.0"
1164.0,"63.0,29.0,18.0,21.0,20.0,11.0,84.0,65.0,26.0,45.0"
1165.0,"63.0,29.0,18.0,21.0,26.0,84.0,20.0,12.0,65.0,45.0"
1166.0,"63.0,29.0,18.0,21.0,20.0,84.0,26.0,65.0,45.0,48.0"
1167.0,"63.0,29.0,18.0,21.0,26.0,11.0,84.0,20.0,45.0,65.0"
1168.0,"63.0,378.0,18.0,29.0,2.0,21.0,77.0,65.0,3.0,11.0"
1169.0,"27.0,26.0,63.0,12.0,11.0,14.0,48.0,84.0,29.0,45.0"
1170.0,"63.0,29.0,18.0,21.0,20.0,84.0,11.0,26.0,12.0,65.0"
1171.0,"27.0,26.0,48.0,6.0,11.0,14.0,12.0,45.0,63.0,29.0"
1172.0,"63.0,29.0,18.0,21.0,11.0,20.0,84.0,26.0,12.0,65.0"
1173.0,"63.0,29.0,18.0,21.0,26.0,20.0,45.0,65.0,48.0,14.0"
1174.0,"27.0,26.0,48.0,6.0,45.0,12.0,14.0,29.0,28.0,63.0"
1175.0,"63.0,29.0,18.0,21.0,20.0,26.0,12.0,65.0,45.0,14.0"
1176.0,"63.0,29.0,18.0,21.0,11.0,84.0,26.0,20.0,12.0,65.0"
1177.0,"63.0,29.0,18.0,21.0,11.0,26.0,84.0,20.0,65.0,45.0"
1178.0,"63.0,29.0,18.0,21.0,84.0,20.0,26.0,12.0,65.0,45.0"
1179.0,"63.0,29.0,18.0,21.0,84.0,26.0,20.0,11.0,45.0,14.0"
1180.0,"63.0,26.0,27.0,29.0,11.0,12.0,18.0,21.0,48.0,84.0"
1181.0,"63.0,29.0,18.0,21.0,11.0,26.0,84.0,20.0,12.0,65.0"
1182.0,"63.0,29.0,18.0,26.0,21.0,12.0,48.0,84.0,27.0,20.0"
1183.0,"63.0,29.0,18.0,21.0,26.0,84.0,20.0,12.0,45.0,65.0"
1184.0,"63.0,29.0,18.0,21.0,26.0,84.0,12.0,20.0,45.0,65.0"
1185.0,"63.0,29.0,18.0,21.0,26.0,11.0,84.0,12.0,20.0,45.0"
1186.0,"63.0,29.0,18.0,21.0,11.0,20.0,84.0,26.0,12.0,65.0"
1187.0,"63.0,18.0,11.0,6.0,21.0,26.0,48.0,65.0,45.0,27.0"
1188.0,"63.0,29.0,18.0,26.0,21.0,20.0,48.0,27.0,45.0,65.0"
1189.0,"26.0,48.0,29.0,63.0,18.0,27.0,21.0,45.0,65.0,14.0"
1190.0,"63.0,29.0,18.0,21.0,84.0,26.0,20.0,12.0,45.0,65.0"
1191.0,"63.0,26.0,27.0,12.0,84.0,29.0,11.0,14.0,21.0,20.0"
1192.0,"63.0,29.0,18.0,21.0,11.0,26.0,84.0,20.0,65.0,45.0"
1193.0,"63.0,29.0,18.0,21.0,20.0,26.0,65.0,45.0,14.0,48.0"
1194.0,"63.0,29.0,18.0,21.0,20.0,84.0,11.0,26.0,65.0,45.0"
1195.0,"63.0,29.0,18.0,21.0,11.0,26.0,84.0,20.0,12.0,65.0"
1196.0,"63.0,29.0,18.0,21.0,26.0,11.0,84.0,20.0,12.0,45.0"
1197.0,"63.0,29.0,18.0,21.0,84.0,26.0,20.0,14.0,45.0,27.0"
1198.0,"63.0,29.0,18.0,21.0,20.0,26.0,65.0,45.0,14.0,48.0"
1199.0,"63.0,29.0,18.0,21.0,26.0,20.0,12.0,65.0,45.0,48.0"
1200.0,"63.0,29.0,18.0,21.0,84.0,20.0,26.0,12.0,65.0,45.0"
1201.0,"63.0,29.0,18.0,21.0,11.0,26.0,20.0,65.0,45.0,48.0"
1202.0,"63.0,29.0,18.0,21.0,84.0,20.0,26.0,65.0,45.0,14.0"
1203.0,"63.0,29.0,18.0,21.0,11.0,26.0,6.0,65.0,48.0,20.0"
1204.0,"63.0,29.0,18.0,21.0,26.0,11.0,84.0,20.0,12.0,45.0"
1205.0,"63.0,29.0,18.0,21.0,26.0,84.0,20.0,45.0,65.0,14.0"
1206.0,"63.0,29.0,18.0,21.0,20.0,84.0,26.0,65.0,45.0,48.0"
1207.0,"63.0,26.0,27.0,29.0,12.0,21.0,18.0,84.0,48.0,14.0"
1208.0,"63.0,29.0,18.0,21.0,11.0,20.0,26.0,84.0,12.0,65.0"
1209.0,"63.0,29.0,18.0,21.0,26.0,20.0,65.0,45.0,14.0,48.0"
1210.0,"1365.0,432.0,104.0,503.0,947.0,696.0,169.0,167.0,1020.0,288.0"
1211.0,"63.0,29.0,18.0,21.0,84.0,20.0,11.0,26.0,12.0,65.0"
1212.0,"1365.0,120.0,432.0,503.0,947.0,1020.0,234.0,169.0,401.0,1023.0"
1213.0,"63.0,29.0,18.0,21.0,11.0,26.0,65.0,20.0,6.0,84.0"
1214.0,"1365.0,1020.0,167.0,432.0,947.0,169.0,288.0,120.0,696.0,503.0"
1215.0,"104.0,58.0,1365.0,432.0,832.0,696.0,503.0,1268.0,1279.0,700.0"
1216.0,"63.0,29.0,18.0,21.0,26.0,11.0,84.0,12.0,20.0,45.0"
1217.0,"63.0,29.0,18.0,21.0,11.0,65.0,26.0,6.0,20.0,12.0"
1218.0,"63.0,26.0,29.0,11.0,18.0,21.0,27.0,48.0,45.0,20.0"
1219.0,"6.0,26.0,11.0,29.0,48.0,63.0,18.0,21.0,27.0,65.0"
1220.0,"63.0,29.0,18.0,21.0,84.0,20.0,26.0,12.0,65.0,45.0"
1221.0,"63.0,29.0,18.0,21.0,11.0,26.0,20.0,84.0,12.0,65.0"
1222.0,"63.0,29.0,18.0,21.0,26.0,84.0,11.0,20.0,12.0,45.0"
1223.0,"63.0,29.0,18.0,21.0,84.0,20.0,26.0,12.0,65.0,45.0"
1224.0,"63.0,29.0,18.0,21.0,26.0,11.0,84.0,12.0,20.0,45.0"
1225.0,"63.0,29.0,18.0,21.0,11.0,26.0,20.0,65.0,45.0,14.0"
1226.0,"63.0,29.0,18.0,21.0,26.0,11.0,84.0,12.0,20.0,45.0"
1227.0,"63.0,29.0,18.0,21.0,11.0,20.0,84.0,26.0,12.0,65.0"
1228.0,"63.0,29.0,18.0,21.0,26.0,20.0,12.0,45.0,65.0,14.0"
1229.0,"63.0,29.0,18.0,21.0,11.0,26.0,84.0,20.0,12.0,65.0"
1230.0,"63.0,29.0,18.0,21.0,26.0,20.0,12.0,45.0,65.0,14.0"
1231.0,"63.0,29.0,18.0,21.0,26.0,84.0,20.0,45.0,27.0,14.0"
1232.0,"63.0,29.0,18.0,21.0,26.0,11.0,84.0,20.0,45.0,65.0"
1233.0,"63.0,29.0,18.0,21.0,84.0,20.0,26.0,12.0,65.0,45.0"
1234.0,"63.0,29.0,18.0,21.0,26.0,20.0,84.0,65.0,45.0,48.0"
1235.0,"104.0,1365.0,58.0,696.0,1268.0,832.0,432.0,93.0,504.0,1025.0"
1236.0,"63.0,29.0,18.0,21.0,26.0,84.0,20.0,12.0,65.0,45.0"
1237.0,"63.0,29.0,18.0,21.0,11.0,20.0,26.0,84.0,12.0,65.0"
1238.0,"63.0,29.0,26.0,18.0,21.0,48.0,27.0,45.0,65.0,14.0"
1239.0,"63.0,29.0,18.0,21.0,11.0,26.0,65.0,48.0,20.0,45.0"
1240.0,"63.0,29.0,18.0,21.0,20.0,84.0,26.0,12.0,65.0,45.0"
1241.0,"27.0,28.0,48.0,26.0,6.0,14.0,87.0,64.0,61.0,45.0"
1242.0,"63.0,29.0,18.0,21.0,26.0,84.0,12.0,20.0,45.0,14.0"
1243.0,"63.0,29.0,18.0,21.0,26.0,84.0,11.0,20.0,12.0,45.0"
1244.0,"63.0,29.0,18.0,21.0,65.0,20.0,26.0,12.0,84.0,77.0"
1245.0,"63.0,29.0,18.0,11.0,21.0,26.0,6.0,48.0,12.0,65.0"
1246.0,"6.0,29.0,18.0,48.0,26.0,63.0,21.0,65.0,45.0,27.0"
1247.0,"63.0,29.0,18.0,21.0,26.0,84.0,20.0,12.0,45.0,65.0"
1248.0,"1365.0,432.0,947.0,104.0,503.0,696.0,167.0,1020.0,169.0,288.0"
1249.0,"63.0,29.0,18.0,21.0,20.0,26.0,45.0,48.0,14.0,27.0"
1250.0,"63.0,29.0,18.0,21.0,11.0,20.0,26.0,84.0,65.0,45.0"
1251.0,"63.0,29.0,18.0,21.0,26.0,11.0,20.0,12.0,45.0,65.0"
1252.0,"63.0,29.0,18.0,26.0,21.0,48.0,65.0,45.0,27.0,20.0"
1253.0,"63.0,29.0,18.0,21.0,26.0,84.0,12.0,20.0,27.0,45.0"
1254.0,"27.0,66.0,26.0,14.0,64.0,25.0,63.0,83.0,48.0,37.0"
1255.0,"63.0,29.0,18.0,21.0,26.0,20.0,45.0,65.0,48.0,14.0"
1256.0,"63.0,29.0,18.0,21.0,26.0,11.0,84.0,20.0,12.0,45.0"
1257.0,"63.0,29.0,18.0,21.0,26.0,84.0,20.0,12.0,45.0,14.0"
1258.0,"63.0,29.0,18.0,21.0,26.0,84.0,20.0,45.0,14.0,65.0"
1259.0,"63.0,29.0,18.0,21.0,11.0,20.0,84.0,26.0,65.0,45.0"
1260.0,"63.0,29.0,18.0,21.0,26.0,11.0,84.0,20.0,12.0,45.0"
1261.0,"27.0,28.0,64.0,61.0,66.0,26.0,48.0,87.0,37.0,14.0"
1262.0,"63.0,29.0,18.0,21.0,84.0,26.0,11.0,20.0,12.0,45.0"
1263.0,"63.0,29.0,18.0,21.0,26.0,20.0,12.0,45.0,65.0,14.0"
1264.0,"63.0,29.0,18.0,21.0,26.0,11.0,84.0,12.0,20.0,45.0"
1265.0,"63.0,29.0,18.0,21.0,26.0,84.0,20.0,12.0,65.0,45.0"
1266.0,"63.0,29.0,18.0,21.0,84.0,26.0,20.0,12.0,11.0,14.0"
1267.0,"27.0,26.0,48.0,6.0,14.0,12.0,45.0,63.0,29.0,28.0"
1268.0,"63.0,29.0,18.0,21.0,11.0,20.0,84.0,26.0,65.0,45.0"
1269.0,"63.0,29.0,18.0,21.0,26.0,11.0,84.0,20.0,12.0,45.0"
1270.0,"6.0,48.0,27.0,26.0,11.0,28.0,45.0,65.0,29.0,18.0"
1271.0,"63.0,29.0,18.0,21.0,20.0,26.0,65.0,45.0,48.0,14.0"
1272.0,"63.0,29.0,18.0,21.0,26.0,11.0,84.0,20.0,12.0,45.0"
1273.0,"63.0,29.0,18.0,21.0,26.0,11.0,84.0,20.0,12.0,45.0"
1274.0,"63.0,29.0,18.0,21.0,26.0,20.0,65.0,45.0,48.0,14.0"
1275.0,"104.0,1365.0,432.0,503.0,947.0,696.0,143.0,1279.0,318.0,169.0"
1276.0,"63.0,29.0,18.0,21.0,26.0,11.0,84.0,12.0,20.0,45.0"
1277.0,"63.0,29.0,18.0,21.0,26.0,11.0,84.0,20.0,12.0,45.0"
1278.0,"63.0,29.0,18.0,21.0,26.0,84.0,12.0,20.0,65.0,45.0"
1279.0,"28.0,27.0,104.0,196.0,48.0,26.0,87.0,64.0,61.0,58.0"
1280.0,"63.0,29.0,18.0,21.0,26.0,11.0,84.0,12.0,20.0,45.0"
1281.0,"63.0,29.0,18.0,21.0,84.0,11.0,20.0,26.0,65.0,45.0"
1282.0,"104.0,58.0,832.0,1268.0,1365.0,93.0,696.0,432.0,504.0,894.0"
1283.0,"63.0,29.0,18.0,21.0,26.0,11.0,20.0,45.0,65.0,48.0"
1284.0,"104.0,58.0,1365.0,832.0,432.0,503.0,696.0,1268.0,700.0,93.0"
1285.0,"63.0,29.0,18.0,21.0,84.0,20.0,11.0,26.0,12.0,65.0"
1286.0,"63.0,29.0,18.0,21.0,26.0,84.0,20.0,12.0,65.0,45.0"
1287.0,"63.0,29.0,18.0,21.0,26.0,84.0,20.0,65.0,45.0,14.0"
1288.0,"63.0,29.0,18.0,21.0,11.0,20.0,84.0,26.0,65.0,45.0"
1289.0,"63.0,29.0,18.0,21.0,20.0,26.0,65.0,45.0,48.0,14.0"
1290.0,"63.0,29.0,18.0,21.0,11.0,20.0,84.0,26.0,12.0,65.0"
1291.0,"6.0,48.0,53.0,11.0,18.0,29.0,65.0,77.0,26.0,21.0"
1292.0,"63.0,29.0,18.0,21.0,26.0,20.0,12.0,45.0,65.0,14.0"
1293.0,"63.0,29.0,18.0,21.0,26.0,84.0,20.0,45.0,14.0,65.0"
1294.0,"63.0,29.0,18.0,21.0,26.0,11.0,84.0,20.0,12.0,45.0"
1295.0,"63.0,29.0,18.0,21.0,20.0,26.0,12.0,65.0,45.0,14.0"
1296.0,"63.0,29.0,18.0,21.0,11.0,26.0,84.0,20.0,12.0,65.0"
1297.0,"63.0,29.0,18.0,21.0,84.0,20.0,26.0,45.0,65.0,14.0"
1298.0,"63.0,29.0,18.0,21.0,26.0,84.0,11.0,12.0,20.0,27.0"
1299.0,"63.0,29.0,18.0,21.0,84.0,20.0,26.0,12.0,65.0,45.0"
1300.0,"63.0,29.0,18.0,21.0,84.0,20.0,26.0,12.0,65.0,45.0"
1301.0,"63.0,29.0,18.0,21.0,11.0,20.0,26.0,84.0,12.0,65.0"
1302.0,"63.0,29.0,18.0,21.0,11.0,26.0,20.0,84.0,65.0,45.0"
1303.0,"1365.0,104.0,432.0,503.0,696.0,947.0,169.0,1279.0,318.0,1025.0"
1304.0,"63.0,29.0,18.0,21.0,26.0,20.0,65.0,45.0,48.0,14.0"
1305.0,"63.0,29.0,18.0,21.0,20.0,84.0,26.0,12.0,65.0,45.0"
1306.0,"63.0,29.0,18.0,21.0,11.0,84.0,26.0,20.0,12.0,65.0"
1307.0,"63.0,29.0,18.0,21.0,26.0,84.0,20.0,45.0,14.0,27.0"
1308.0,"63.0,29.0,18.0,21.0,11.0,26.0,84.0,20.0,12.0,65.0"
1309.0,"1365.0,432.0,503.0,104.0,947.0,169.0,143.0,234.0,401.0,318.0"
1310.0,"63.0,29.0,18.0,21.0,11.0,26.0,20.0,84.0,65.0,48.0"
1311.0,"63.0,29.0,18.0,21.0,26.0,84.0,20.0,65.0,45.0,14.0"
1312.0,"63.0,29.0,18.0,21.0,11.0,20.0,26.0,84.0,12.0,65.0"
1313.0,"18.0,77.0,29.0,120.0,6.0,63.0,21.0,65.0,11.0,53.0"
1314.0,"63.0,29.0,18.0,21.0,26.0,11.0,84.0,20.0,12.0,45.0"
1315.0,"63.0,29.0,18.0,21.0,84.0,20.0,26.0,12.0,65.0,45.0"
1316.0,"63.0,29.0,84.0,21.0,18.0,20.0,26.0,14.0,45.0,27.0"
1317.0,"93.0,832.0,1215.0,58.0,1268.0,1572.0,1250.0,1732.0,488.0,894.0"
1318.0,"63.0,29.0,18.0,21.0,26.0,11.0,20.0,45.0,14.0,65.0"
1319.0,"63.0,29.0,18.0,21.0,11.0,26.0,84.0,20.0,12.0,65.0"
1320.0,"63.0,29.0,18.0,21.0,11.0,26.0,20.0,84.0,12.0,65.0"
1321.0,"63.0,29.0,18.0,21.0,11.0,26.0,84.0,20.0,12.0,65.0"
1322.0,"63.0,29.0,18.0,21.0,26.0,11.0,84.0,20.0,12.0,45.0"
1323.0,"63.0,29.0,18.0,21.0,26.0,84.0,11.0,20.0,12.0,45.0"
1324.0,"120.0,266.0,119.0,1023.0,92.0,1073.0,1020.0,615.0,143.0,350.0"
1325.0,"63.0,29.0,18.0,21.0,26.0,84.0,20.0,45.0,65.0,48.0"
1326.0,"63.0,29.0,18.0,21.0,11.0,26.0,20.0,84.0,12.0,65.0"
1327.0,"63.0,29.0,18.0,21.0,26.0,11.0,12.0,84.0,20.0,45.0"
1328.0,"63.0,29.0,18.0,21.0,20.0,26.0,84.0,12.0,65.0,45.0"
1329.0,"63.0,29.0,18.0,21.0,84.0,26.0,20.0,12.0,45.0,65.0"
1330.0,"63.0,29.0,18.0,21.0,26.0,11.0,84.0,20.0,12.0,45.0"
1331.0,"63.0,29.0,18.0,21.0,84.0,26.0,11.0,20.0,12.0,45.0"
1332.0,"63.0,29.0,18.0,21.0,11.0,26.0,84.0,20.0,12.0,65.0"
1333.0,"63.0,29.0,18.0,21.0,26.0,84.0,20.0,65.0,45.0,48.0"
1334.0,"63.0,29.0,18.0,21.0,11.0,26.0,84.0,20.0,12.0,65.0"
1335.0,"63.0,29.0,18.0,21.0,26.0,20.0,45.0,14.0,27.0,48.0"
1336.0,"63.0,29.0,18.0,21.0,20.0,84.0,26.0,65.0,45.0,48.0"
1337.0,"63.0,29.0,18.0,21.0,20.0,84.0,26.0,12.0,65.0,45.0"
1338.0,"63.0,29.0,18.0,21.0,84.0,26.0,20.0,12.0,65.0,45.0"
1339.0,"63.0,29.0,18.0,21.0,11.0,20.0,26.0,84.0,12.0,65.0"
1340.0,"63.0,29.0,18.0,21.0,26.0,11.0,84.0,20.0,12.0,45.0"
1341.0,"63.0,29.0,18.0,21.0,26.0,11.0,84.0,20.0,45.0,65.0"
1342.0,"63.0,29.0,18.0,21.0,26.0,84.0,20.0,45.0,65.0,48.0"
1343.0,"63.0,29.0,18.0,21.0,11.0,26.0,84.0,20.0,65.0,45.0"
1344.0,"63.0,29.0,18.0,21.0,84.0,26.0,11.0,20.0,12.0,45.0"
1345.0,"63.0,29.0,18.0,21.0,84.0,20.0,26.0,12.0,65.0,45.0"
1346.0,"63.0,29.0,18.0,21.0,11.0,20.0,26.0,84.0,12.0,65.0"
1347.0,"63.0,29.0,18.0,21.0,11.0,26.0,84.0,20.0,65.0,45.0"
1348.0,"63.0,29.0,18.0,21.0,26.0,20.0,84.0,65.0,48.0,45.0"
1349.0,"63.0,29.0,18.0,21.0,84.0,26.0,11.0,20.0,12.0,45.0"
1350.0,"63.0,29.0,18.0,21.0,84.0,20.0,11.0,26.0,12.0,65.0"
1351.0,"63.0,29.0,18.0,21.0,26.0,11.0,84.0,20.0,45.0,65.0"
1352.0,"63.0,29.0,18.0,21.0,26.0,20.0,45.0,65.0,48.0,14.0"
1353.0,"63.0,29.0,18.0,21.0,11.0,20.0,26.0,84.0,12.0,65.0"
1354.0,"63.0,29.0,18.0,21.0,84.0,20.0,26.0,12.0,65.0,45.0"
1355.0,"63.0,29.0,18.0,21.0,11.0,26.0,20.0,84.0,65.0,45.0"
1356.0,"63.0,29.0,18.0,21.0,26.0,84.0,20.0,12.0,45.0,65.0"
1357.0,"63.0,29.0,18.0,21.0,11.0,84.0,26.0,20.0,12.0,65.0"
1358.0,"63.0,29.0,18.0,21.0,84.0,26.0,11.0,20.0,12.0,45.0"
1359.0,"63.0,29.0,18.0,21.0,26.0,84.0,20.0,45.0,65.0,14.0"
1360.0,"63.0,29.0,18.0,21.0,11.0,20.0,84.0,26.0,65.0,45.0"
1361.0,"63.0,29.0,18.0,21.0,26.0,84.0,20.0,65.0,45.0,48.0"
1362.0,"63.0,29.0,18.0,21.0,26.0,11.0,84.0,20.0,12.0,45.0"
1363.0,"63.0,29.0,18.0,21.0,26.0,12.0,20.0,84.0,65.0,45.0"
1364.0,"63.0,29.0,18.0,21.0,26.0,11.0,84.0,20.0,12.0,45.0"
1365.0,"63.0,29.0,18.0,21.0,20.0,84.0,26.0,12.0,65.0,45.0"
1366.0,"63.0,29.0,18.0,21.0,26.0,11.0,84.0,20.0,45.0,65.0"
1367.0,"63.0,29.0,18.0,21.0,26.0,84.0,20.0,45.0,65.0,48.0"
1368.0,"63.0,29.0,18.0,21.0,26.0,11.0,84.0,20.0,45.0,65.0"
1369.0,"63.0,29.0,18.0,21.0,84.0,26.0,20.0,12.0,11.0,14.0"
1370.0,"93.0,832.0,1215.0,58.0,1268.0,1250.0,1572.0,895.0,1732.0,488.0"
1371.0,"104.0,1365.0,696.0,432.0,58.0,503.0,1268.0,832.0,1279.0,1025.0"
1372.0,"63.0,29.0,18.0,21.0,26.0,84.0,20.0,12.0,45.0,65.0"
1373.0,"63.0,29.0,18.0,21.0,11.0,26.0,84.0,20.0,12.0,65.0"
1374.0,"63.0,29.0,18.0,21.0,11.0,26.0,84.0,20.0,12.0,65.0"
1375.0,"63.0,29.0,18.0,21.0,20.0,26.0,65.0,45.0,14.0,48.0"
1376.0,"63.0,29.0,26.0,18.0,21.0,48.0,6.0,12.0,27.0,45.0"
1377.0,"63.0,29.0,18.0,21.0,11.0,20.0,26.0,84.0,12.0,65.0"
1378.0,"63.0,29.0,18.0,21.0,11.0,26.0,84.0,20.0,12.0,65.0"
1379.0,"63.0,29.0,18.0,21.0,11.0,20.0,84.0,26.0,12.0,65.0"
1380.0,"63.0,29.0,18.0,21.0,26.0,84.0,20.0,12.0,45.0,65.0"
1381.0,"63.0,29.0,18.0,21.0,11.0,20.0,84.0,26.0,12.0,65.0"
1382.0,"63.0,29.0,18.0,21.0,84.0,20.0,26.0,12.0,65.0,45.0"
1383.0,"1365.0,432.0,503.0,104.0,947.0,169.0,696.0,401.0,1020.0,318.0"
1384.0,"63.0,29.0,18.0,21.0,11.0,26.0,20.0,84.0,12.0,65.0"
1385.0,"63.0,29.0,18.0,21.0,20.0,26.0,65.0,45.0,48.0,14.0"
1386.0,"63.0,29.0,18.0,21.0,65.0,26.0,48.0,45.0,84.0,77.0"
1387.0,"27.0,26.0,48.0,14.0,12.0,11.0,25.0,28.0,45.0,6.0"
1388.0,"63.0,29.0,18.0,21.0,20.0,26.0,65.0,45.0,48.0,14.0"
1389.0,"63.0,29.0,18.0,21.0,20.0,26.0,84.0,12.0,65.0,45.0"
1390.0,"63.0,29.0,18.0,21.0,26.0,84.0,20.0,12.0,45.0,65.0"
1391.0,"63.0,29.0,18.0,21.0,11.0,20.0,84.0,26.0,12.0,65.0"
1392.0,"93.0,66.0,832.0,1215.0,58.0,64.0,7.0,27.0,1250.0,91.0"
1393.0,"27.0,48.0,26.0,28.0,45.0,14.0,29.0,65.0,18.0,21.0"
1394.0,"63.0,29.0,18.0,21.0,11.0,20.0,26.0,84.0,12.0,65.0"
1395.0,"63.0,29.0,18.0,21.0,11.0,20.0,84.0,26.0,12.0,65.0"
1396.0,"63.0,29.0,18.0,21.0,26.0,84.0,20.0,45.0,65.0,48.0"
1397.0,"63.0,29.0,18.0,21.0,84.0,20.0,11.0,26.0,12.0,65.0"
1398.0,"378.0,120.0,77.0,18.0,29.0,63.0,21.0,65.0,6.0,608.0"
1399.0,"63.0,29.0,18.0,21.0,20.0,84.0,26.0,12.0,65.0,45.0"
1400.0,"63.0,29.0,18.0,21.0,84.0,26.0,20.0,11.0,12.0,45.0"
1401.0,"63.0,29.0,18.0,21.0,11.0,26.0,84.0,20.0,12.0,65.0"
1402.0,"63.0,29.0,18.0,21.0,84.0,20.0,11.0,26.0,12.0,65.0"
1403.0,"63.0,29.0,18.0,21.0,11.0,84.0,20.0,26.0,12.0,65.0"
1404.0,"58.0,104.0,832.0,93.0,1268.0,1215.0,700.0,894.0,222.0,1365.0"
1405.0,"63.0,29.0,18.0,21.0,11.0,20.0,84.0,26.0,12.0,65.0"
1406.0,"63.0,29.0,18.0,21.0,84.0,20.0,11.0,26.0,12.0,65.0"
1407.0,"63.0,26.0,29.0,27.0,11.0,18.0,12.0,21.0,48.0,84.0"
1408.0,"378.0,120.0,706.0,774.0,259.0,1692.0,415.0,608.0,877.0,511.0"
1409.0,"63.0,29.0,18.0,21.0,26.0,20.0,12.0,65.0,84.0,6.0"
1410.0,"63.0,29.0,18.0,21.0,11.0,84.0,20.0,26.0,12.0,65.0"
1411.0,"63.0,29.0,18.0,21.0,11.0,84.0,20.0,26.0,12.0,65.0"
1412.0,"63.0,29.0,18.0,21.0,26.0,11.0,84.0,20.0,12.0,45.0"
1413.0,"63.0,29.0,18.0,21.0,11.0,26.0,84.0,20.0,12.0,65.0"
1414.0,"66.0,63.0,83.0,64.0,27.0,56.0,37.0,14.0,25.0,20.0"
1415.0,"1365.0,104.0,432.0,696.0,503.0,947.0,169.0,167.0,318.0,1279.0"
1416.0,"1365.0,432.0,167.0,1020.0,947.0,696.0,169.0,503.0,104.0,288.0"
1417.0,"93.0,58.0,832.0,66.0,64.0,27.0,28.0,1215.0,104.0,61.0"
1418.0,"63.0,29.0,18.0,21.0,26.0,11.0,84.0,20.0,12.0,45.0"
1419.0,"63.0,26.0,29.0,11.0,27.0,18.0,21.0,12.0,48.0,84.0"
1420.0,"120.0,119.0,414.0,1023.0,615.0,266.0,378.0,435.0,843.0,1020.0"
1421.0,"63.0,29.0,18.0,21.0,26.0,11.0,84.0,20.0,45.0,65.0"
1422.0,"1365.0,432.0,947.0,503.0,1020.0,167.0,169.0,104.0,696.0,288.0"
1423.0,"120.0,119.0,414.0,1023.0,266.0,615.0,1020.0,435.0,1058.0,685.0"
1424.0,"63.0,29.0,18.0,21.0,11.0,26.0,20.0,84.0,65.0,45.0"
1425.0,"63.0,29.0,18.0,21.0,26.0,20.0,65.0,45.0,14.0,48.0"
1426.0,"63.0,29.0,18.0,21.0,20.0,84.0,26.0,12.0,65.0,45.0"
1427.0,"63.0,29.0,18.0,21.0,11.0,20.0,26.0,84.0,65.0,45.0"
1428.0,"27.0,26.0,14.0,63.0,12.0,66.0,25.0,48.0,11.0,45.0"
1429.0,"63.0,29.0,18.0,21.0,11.0,20.0,26.0,12.0,65.0,45.0"
1430.0,"63.0,29.0,18.0,21.0,26.0,20.0,45.0,65.0,14.0,48.0"
1431.0,"63.0,29.0,18.0,21.0,26.0,11.0,20.0,12.0,45.0,65.0"
1432.0,"63.0,29.0,18.0,21.0,11.0,26.0,84.0,20.0,65.0,45.0"
1433.0,"63.0,29.0,18.0,21.0,26.0,11.0,84.0,20.0,12.0,45.0"
1434.0,"63.0,29.0,18.0,21.0,26.0,11.0,84.0,12.0,20.0,45.0"
1435.0,"63.0,29.0,18.0,21.0,26.0,84.0,20.0,45.0,65.0,48.0"
1436.0,"27.0,28.0,6.0,48.0,26.0,11.0,45.0,14.0,87.0,16.0"
1437.0,"120.0,378.0,615.0,119.0,608.0,414.0,292.0,234.0,573.0,435.0"
1438.0,"63.0,29.0,18.0,21.0,26.0,20.0,12.0,65.0,45.0,48.0"
1439.0,"104.0,1365.0,432.0,503.0,696.0,58.0,1279.0,947.0,1025.0,156.0"
1440.0,"63.0,29.0,18.0,21.0,26.0,84.0,11.0,12.0,20.0,45.0"
1441.0,"63.0,29.0,18.0,21.0,11.0,20.0,26.0,84.0,12.0,65.0"
1442.0,"63.0,29.0,18.0,21.0,11.0,20.0,84.0,26.0,65.0,45.0"
1443.0,"63.0,29.0,18.0,21.0,26.0,11.0,84.0,20.0,45.0,27.0"
1444.0,"63.0,29.0,18.0,21.0,26.0,11.0,20.0,27.0,45.0,14.0"
1445.0,"63.0,29.0,18.0,21.0,11.0,20.0,84.0,26.0,12.0,65.0"
1446.0,"63.0,29.0,18.0,21.0,26.0,11.0,84.0,20.0,45.0,65.0"
1447.0,"104.0,1365.0,432.0,503.0,696.0,58.0,1279.0,947.0,1025.0,1239.0"
1448.0,"63.0,29.0,18.0,21.0,84.0,26.0,20.0,11.0,14.0,45.0"
1449.0,"63.0,29.0,18.0,21.0,84.0,20.0,11.0,26.0,12.0,65.0"
1450.0,"378.0,608.0,120.0,706.0,292.0,774.0,573.0,259.0,1692.0,77.0"
1451.0,"63.0,29.0,18.0,21.0,11.0,20.0,26.0,65.0,45.0,48.0"
1452.0,"63.0,29.0,18.0,21.0,11.0,20.0,84.0,26.0,12.0,65.0"
1453.0,"63.0,29.0,18.0,21.0,26.0,20.0,65.0,45.0,48.0,14.0"
1454.0,"63.0,29.0,18.0,21.0,26.0,84.0,20.0,65.0,45.0,48.0"
1455.0,"63.0,29.0,18.0,21.0,26.0,84.0,20.0,45.0,14.0,65.0"
1456.0,"120.0,378.0,706.0,259.0,608.0,843.0,119.0,1524.0,415.0,877.0"
1457.0,"93.0,832.0,58.0,104.0,1268.0,1215.0,894.0,222.0,509.0,504.0"
1458.0,"63.0,29.0,18.0,21.0,84.0,20.0,26.0,12.0,65.0,45.0"
1459.0,"63.0,29.0,18.0,21.0,20.0,26.0,84.0,12.0,65.0,45.0"
1460.0,"63.0,29.0,18.0,21.0,20.0,26.0,65.0,45.0,48.0,14.0"
1461.0,"93.0,371.0,725.0,264.0,1113.0,734.0,962.0,884.0,1411.0,938.0"
1462.0,"63.0,29.0,18.0,21.0,20.0,84.0,26.0,65.0,45.0,48.0"
1463.0,"378.0,774.0,706.0,1692.0,422.0,511.0,259.0,608.0,415.0,313.0"
1464.0,"93.0,1215.0,66.0,832.0,895.0,1250.0,1572.0,884.0,1177.0,439.0"
1465.0,"93.0,832.0,58.0,1268.0,1215.0,104.0,894.0,222.0,1572.0,509.0"
1466.0,"104.0,1365.0,58.0,432.0,503.0,696.0,832.0,1279.0,700.0,1268.0"
1467.0,"63.0,29.0,18.0,21.0,26.0,20.0,45.0,14.0,65.0,48.0"
1468.0,"63.0,29.0,18.0,21.0,26.0,84.0,20.0,65.0,45.0,48.0"
1469.0,"63.0,29.0,18.0,21.0,20.0,84.0,26.0,65.0,45.0,48.0"
1470.0,"1365.0,432.0,947.0,503.0,1020.0,169.0,167.0,104.0,696.0,288.0"
1471.0,"93.0,832.0,58.0,1215.0,1268.0,104.0,894.0,222.0,1572.0,1250.0"
1472.0,"104.0,1365.0,432.0,503.0,696.0,947.0,1279.0,58.0,1025.0,156.0"
1473.0,"58.0,832.0,93.0,104.0,1268.0,1215.0,894.0,222.0,1365.0,509.0"
1474.0,"63.0,29.0,18.0,21.0,20.0,26.0,65.0,45.0,48.0,14.0"
1475.0,"63.0,29.0,18.0,21.0,11.0,20.0,84.0,26.0,65.0,45.0"
1476.0,"63.0,29.0,18.0,21.0,26.0,20.0,12.0,65.0,45.0,14.0"
1477.0,"63.0,29.0,18.0,21.0,26.0,84.0,20.0,12.0,45.0,14.0"
1478.0,"63.0,29.0,18.0,21.0,26.0,20.0,45.0,48.0,65.0,14.0"
1479.0,"63.0,29.0,18.0,21.0,26.0,84.0,20.0,12.0,65.0,45.0"
1480.0,"63.0,29.0,26.0,18.0,6.0,21.0,48.0,27.0,45.0,65.0"
1481.0,"63.0,29.0,18.0,21.0,11.0,20.0,84.0,26.0,12.0,65.0"
1482.0,"63.0,29.0,18.0,21.0,11.0,20.0,84.0,26.0,12.0,65.0"
1483.0,"63.0,29.0,18.0,21.0,20.0,26.0,65.0,45.0,48.0,14.0"
1484.0,"104.0,58.0,832.0,1365.0,1268.0,696.0,93.0,432.0,503.0,504.0"
1485.0,"63.0,29.0,18.0,21.0,20.0,26.0,84.0,12.0,65.0,45.0"
1486.0,"120.0,119.0,266.0,615.0,1023.0,414.0,1020.0,685.0,435.0,350.0"
1487.0,"63.0,29.0,18.0,21.0,26.0,84.0,12.0,20.0,27.0,45.0"
1488.0,"63.0,29.0,18.0,21.0,20.0,26.0,84.0,65.0,45.0,48.0"
1489.0,"63.0,29.0,18.0,21.0,20.0,84.0,26.0,12.0,65.0,45.0"
1490.0,"63.0,29.0,18.0,21.0,11.0,20.0,84.0,26.0,12.0,65.0"
1491.0,"63.0,29.0,18.0,21.0,20.0,26.0,65.0,45.0,48.0,14.0"
1492.0,"63.0,29.0,18.0,21.0,11.0,26.0,84.0,20.0,12.0,65.0"
1493.0,"63.0,29.0,18.0,21.0,11.0,20.0,84.0,26.0,12.0,65.0"
1494.0,"66.0,64.0,7.0,93.0,27.0,83.0,91.0,37.0,49.0,61.0"
1495.0,"1365.0,432.0,947.0,503.0,1020.0,167.0,169.0,104.0,696.0,288.0"
1496.0,"63.0,29.0,18.0,21.0,84.0,26.0,20.0,11.0,14.0,45.0"
1497.0,"63.0,29.0,18.0,21.0,26.0,11.0,84.0,12.0,20.0,45.0"
1498.0,"120.0,378.0,119.0,615.0,414.0,608.0,266.0,234.0,435.0,843.0"
1499.0,"63.0,29.0,18.0,21.0,26.0,20.0,45.0,65.0,14.0,48.0"
1500.0,"104.0,1365.0,432.0,503.0,696.0,58.0,1279.0,947.0,1025.0,1239.0"
1501.0,"63.0,29.0,18.0,21.0,26.0,20.0,45.0,65.0,14.0,48.0"
1502.0,"63.0,29.0,18.0,21.0,20.0,26.0,65.0,45.0,48.0,14.0"
1503.0,"63.0,29.0,18.0,21.0,84.0,20.0,26.0,12.0,65.0,45.0"
1504.0,"63.0,29.0,18.0,21.0,26.0,11.0,84.0,20.0,12.0,45.0"
1505.0,"63.0,29.0,18.0,21.0,84.0,20.0,26.0,12.0,65.0,45.0"
1506.0,"93.0,832.0,1268.0,58.0,1215.0,104.0,894.0,222.0,264.0,1732.0"
1507.0,"104.0,1365.0,432.0,503.0,696.0,58.0,1279.0,947.0,1025.0,545.0"
1508.0,"63.0,29.0,18.0,21.0,26.0,20.0,65.0,48.0,45.0,6.0"
